sex,age,occupation,monthly_income,province,skin_type,concerns,acne_level,consult_influencer,skincare_face_method,cleansing_method,use_cleansing_water,cleansing_types_used,cleansing_type_most_used,cleansing_water_formula,factor_deep_cleansing,factor_acne_friendly,factor_sensitive_friendly,factor_no_allergen,factor_hypoallergenic,factor_moisturizing,factor_low_friction,factor_nourishment,factor_eye_friendly,factor_oil_control,switch_factors,brands_used,brand_primary
หญิง,23-28 ปี,พนักงานบริษัทเอกชน,"35,000 - 39,999 บาท",กทม.,ผิวมัน,"สิวอักเสบ, สิวอุดตัน, ผิวแพ้ง่าย, รูขุมขนกว้าง, ผิวมันเยิ้ม, ผิวหมองคล้ำ",สิวปานกลาง (เป็นสิวอักเสบ/หัวหนองมากกว่า10เม็ด),"เลือกด้วยตนเอง, เลือกตามเพื่อน, ปรึกษาหมอผิวหนัง","เลือกใช้ให้ตรงตามสภาพผิวและปัญหาผิวของตนเอง, เลือกใช้สูตรที่เคลมว่าไม่ก่อให้เกิดสิว/ลดสิว, เลือกใช้สูตรที่เคลมว่าอ่อนโยน ผิวแพ้ง่ายใช้ได้","เลือกใช้ให้ตรงตามสภาพผิวและปัญหาผิวของตนเอง, เลือกใช้สูตรที่เคลมว่าไม่ก่อให้เกิดสิว/ลดสิว, เลือกใช้สูตรที่เคลมว่าอ่อนโยน ผิวแพ้ง่ายใช้ได้",ใช้,"Cleansing water, Cleansing sheet (ทิชชู่แผ่นเช็ดเครื่องสำอาง)",Cleansing water,สูตรลดสิว-ผิวแพ้ง่าย,5.0,5.0,5.0,5.0,4.0,3.0,5.0,3.0,3.0,3.0,"ราคาถูกกว่า (Cheaper price), เลือกเพราะโปรโมชั่น (Promotion), เพื่อนแนะนำ (Friend recommended), ผู้เชี่ยวชาญ/หมอผิวหนังแนะนำ (Skin expert/dermatologist), มีไซส์เล็ก/ไซส์ทดลอง/ไซส์พกพา (Mini size), ยี่ห้อเดิมที่ใช้อยู่หมด/หาซื้อไม่ได้ (Current brand is out of stock)",Kiyora,Kiyora
หญิง,29-34 ปี,พนักงานบริษัทเอกชน,"40,000 บาท ขึ้นไป",กทม.,ผิวผสม,"สิวอุดตัน, สิวผด, รูขุมขนกว้าง",สิวเล็กน้อย (ส่วนใหญ่เป็นสิวอุดตัน เป็นสิวอักเสบ/หัวหนองไม่เกิน 10เม็ด),เลือกตามบิวตี้บลอกเกอร์/ผู้ใช้จริงรีวิว ที่มีสภาพผิวคล้ายๆตัวเอง,เลือกใช้ให้ตรงตามสภาพผิวและปัญหาผิวของตนเอง,เลือกใช้สูตรที่เคลมว่าไม่ก่อให้เกิดสิว/ลดสิว,ไม่ใช้,,,,,,,,,,,,,,,,
หญิง,23-28 ปี,พนักงานบริษัทเอกชน,"25,000 - 29,999 บาท",กทม.,ผิวแห้ง,"สิวอักเสบ, สิวอุดตัน, สิวผด, ผิวแพ้ง่าย, รูขุมขนกว้าง, ผิวหมองคล้ำ",สิวปานกลาง (เป็นสิวอักเสบ/หัวหนองมากกว่า10เม็ด),ปรึกษาหมอผิวหนัง,"เลือกใช้ให้ตรงตามสภาพผิวและปัญหาผิวของตนเอง, เลือกใช้สูตรที่เคลมว่าอ่อนโยน ผิวแพ้ง่ายใช้ได้",เลือกใช้ให้ตรงตามสภาพผิวและปัญหาผิวของตนเอง,ใช้,"Cleansing water, Cleansing sheet (ทิชชู่แผ่นเช็ดเครื่องสำอาง)",Cleansing water,สูตรผิวแพ้ง่าย,5.0,5.0,5.0,4.0,5.0,5.0,4.0,4.0,5.0,5.0,ผู้เชี่ยวชาญ/หมอผิวหนังแนะนำ (Skin expert/dermatologist),"Kiyora, Bellevia",Kiyora
หญิง,23-28 ปี,ธุรกิจส่วนตัว,"15,000 - 19,999 บาท",ชลบุรี,ผิวธรรมดา,ริ้วรอย,"นานๆทีเป็นสิว เช่น มีสิวเฉพาะช่วงมีประจำเดือน, พักผ่อนน้อย",เลือกด้วยตนเอง,เลือกใช้ให้ตรงตามสภาพผิวและปัญหาผิวของตนเอง,เลือกใช้สูตรที่เคลมว่าอ่อนโยน ผิวแพ้ง่ายใช้ได้,ไม่ใช้,,,,,,,,,,,,,,,,
หญิง,29-34 ปี,พนักงานบริษัทเอกชน,"35,000 - 39,999 บาท",กทม.,ผิวธรรมดา,"สิวอุดตัน, รูขุมขนกว้าง","นานๆทีเป็นสิว เช่น มีสิวเฉพาะช่วงมีประจำเดือน, พักผ่อนน้อย","เลือกด้วยตนเอง, เลือกตามบิวตี้บลอกเกอร์/ผู้ใช้จริงรีวิว ที่มีสภาพผิวคล้ายๆตัวเอง","เลือกใช้ให้ตรงตามสภาพผิวและปัญหาผิวของตนเอง, เลือกใช้สูตรที่เคลมว่าอ่อนโยน ผิวแพ้ง่ายใช้ได้",เลือกใช้สูตรที่เคลมว่าอ่อนโยน ผิวแพ้ง่ายใช้ได้,ใช้,"Cleansing water, Cleansing balm",Cleansing water,สูตรผิวแพ้ง่าย,5.0,5.0,5.0,5.0,4.0,4.0,4.0,3.0,3.0,3.0,"เห็นคนใช้จริงรีวิว (Online review, Real users), บิวตี้บลอกเกอร์แนะนำ (Beauty bloggers)","Kiyora, Dermavie",Dermavie
หญิง,29-34 ปี,พนักงานบริษัทเอกชน,"35,000 - 39,999 บาท",กทม.,ผิวแห้ง,"สิวอุดตัน, สิวผด","นานๆทีเป็นสิว เช่น มีสิวเฉพาะช่วงมีประจำเดือน, พักผ่อนน้อย",เลือกตามบิวตี้บลอกเกอร์/ผู้ใช้จริงรีวิว ที่มีสภาพผิวคล้ายๆตัวเอง,เลือกใช้ให้ตรงตามสภาพผิวและปัญหาผิวของตนเอง,เลือกใช้สูตรที่ขายดี/สูตรดัง ของแบรนด์นั้นๆ,ใช้,"Cleansing water, Cleansing oil",Cleansing water,"สูตรลดสิว-ผิวแพ้ง่าย, สูตรชุ่มชื้น (สำหรับผิวแห้ง)",5.0,5.0,4.0,5.0,4.0,5.0,5.0,4.0,5.0,4.0,ผู้เชี่ยวชาญ/หมอผิวหนังแนะนำ (Skin expert/dermatologist),"Veloura, Aomizu, Dermavie",Dermavie
หญิง,23-28 ปี,พนักงานบริษัทเอกชน,"25,000 - 29,999 บาท",นนทบุรี,ผิวมัน,"ผิวแพ้ง่าย, รูขุมขนกว้าง, ผิวมันเยิ้ม",สิวเล็กน้อย (ส่วนใหญ่เป็นสิวอุดตัน เป็นสิวอักเสบ/หัวหนองไม่เกิน 10เม็ด),เลือกด้วยตนเอง,เลือกใช้ให้ตรงตามสภาพผิวและปัญหาผิวของตนเอง,เลือกใช้ให้ตรงตามสภาพผิวและปัญหาผิวของตนเอง,ใช้,Cleansing water,Cleansing water,สูตรผิวแพ้ง่าย,5.0,4.0,5.0,5.0,5.0,4.0,3.0,3.0,4.0,4.0,เลือกเพราะโปรโมชั่น (Promotion),"Veloura, Eastern Belle, Dermavie",Eastern Belle
หญิง,35 ปี ขึ้นไป,พนักงานบริษัทเอกชน,"40,000 บาท ขึ้นไป",กทม.,ไม่แน่ใจ/ไม่ทราบ,"สิวอักเสบ, สิวอุดตัน, ผิวแพ้ง่าย","นานๆทีเป็นสิว เช่น มีสิวเฉพาะช่วงมีประจำเดือน, พักผ่อนน้อย","เลือกด้วยตนเอง, เลือกตามเพื่อน","เลือกใช้ให้ตรงตามสภาพผิวและปัญหาผิวของตนเอง, เลือกใช้สูตรที่ขายดี/สูตรดัง ของแบรนด์นั้นๆ","เลือกใช้ให้ตรงตามสภาพผิวและปัญหาผิวของตนเอง, เลือกใช้สูตรที่ขายดี/สูตรดัง ของแบรนด์นั้นๆ",ใช้,"Cleansing water, Cleansing sheet (ทิชชู่แผ่นเช็ดเครื่องสำอาง)",Cleansing sheet (ทิชชู่แผ่นเช็ดเครื่องสำอาง),"สูตรผิวแพ้ง่าย, สูตรคุมมัน (สำหรับผิวมัน)",5.0,5.0,4.0,4.0,5.0,5.0,5.0,3.0,3.0,4.0,"เพื่อนแนะนำ (Friend recommended), เห็นคนใช้จริงรีวิว (Online review, Real users), ผู้เชี่ยวชาญ/หมอผิวหนังแนะนำ (Skin expert/dermatologist), มีไซส์เล็ก/ไซส์ทดลอง/ไซส์พกพา (Mini size)","Dr. Verin, DermaCerin, Theria",DermaCerin
หญิง,23-28 ปี,ธุรกิจส่วนตัว,"40,000 บาท ขึ้นไป",กทม.,ผิวผสม,"สิวอักเสบ, สิวอุดตัน, สิวผด, ผิวแห้ง/ลอก/เป็นขุย, ผิวมันเยิ้ม, ผิวหมองคล้ำ","นานๆทีเป็นสิว เช่น มีสิวเฉพาะช่วงมีประจำเดือน, พักผ่อนน้อย","เลือกด้วยตนเอง, ปรึกษาหมอผิวหนัง, เลือกตามบิวตี้บลอกเกอร์/ผู้ใช้จริงรีวิว ที่มีสภาพผิวคล้ายๆตัวเอง",เลือกใช้ให้ตรงตามสภาพผิวและปัญหาผิวของตนเอง,เลือกใช้ให้ตรงตามสภาพผิวและปัญหาผิวของตนเอง,ไม่ใช้,,,,,,,,,,,,,,,,
หญิง,35 ปี ขึ้นไป,พนักงานบริษัทเอกชน,"40,000 บาท ขึ้นไป",กทม.,ผิวขาดน้ำ,"รูขุมขนกว้าง, ผิวแห้ง/ลอก/เป็นขุย, ผิวหมองคล้ำ","นานๆทีเป็นสิว เช่น มีสิวเฉพาะช่วงมีประจำเดือน, พักผ่อนน้อย","เลือกด้วยตนเอง, เลือกตามบิวตี้บลอกเกอร์/ผู้ใช้จริงรีวิว ที่มีสภาพผิวคล้ายๆตัวเอง",เลือกใช้ให้ตรงตามสภาพผิวและปัญหาผิวของตนเอง,เลือกใช้สูตรที่เคลมว่าอ่อนโยน ผิวแพ้ง่ายใช้ได้,ใช้,Cleansing water,Cleansing water,สูตรชุ่มชื้น (สำหรับผิวแห้ง),5.0,5.0,5.0,5.0,5.0,5.0,5.0,5.0,5.0,5.0,"เลือกเพราะโปรโมชั่น (Promotion), สินค้าออกใหม่/สูตรใหม่ (New product/New formula)","Florelle, Oréline",Florelle
หญิง,29-34 ปี,พนักงานบริษัทเอกชน,"40,000 บาท ขึ้นไป",กทม.,ผิวผสม,"สิวอักเสบ, สิวอุดตัน, สิวผด, ผิวแพ้ง่าย, รูขุมขนกว้าง",สิวเล็กน้อย (ส่วนใหญ่เป็นสิวอุดตัน เป็นสิวอักเสบ/หัวหนองไม่เกิน 10เม็ด),"เลือกด้วยตนเอง, เลือกตามเพื่อน, เลือกตามบิวตี้บลอกเกอร์/ผู้ใช้จริงรีวิว ที่มีสภาพผิวคล้ายๆตัวเอง","เลือกใช้ให้ตรงตามสภาพผิวและปัญหาผิวของตนเอง, เลือกใช้สูตรที่เคลมว่าอ่อนโยน ผิวแพ้ง่ายใช้ได้","เลือกใช้ให้ตรงตามสภาพผิวและปัญหาผิวของตนเอง, เลือกใช้สูตรที่เคลมว่าอ่อนโยน ผิวแพ้ง่ายใช้ได้, เลือกใช้สูตรที่ขายดี/สูตรดัง ของแบรนด์นั้นๆ",ใช้,"Cleansing water, Cleansing sheet (ทิชชู่แผ่นเช็ดเครื่องสำอาง), Cleansing balm",Cleansing water,สูตรผิวแพ้ง่าย,5.0,4.0,5.0,3.0,5.0,4.0,5.0,3.0,5.0,2.0,"เพื่อนแนะนำ (Friend recommended), เห็นคนใช้จริงรีวิว (Online review, Real users), บิวตี้บลอกเกอร์แนะนำ (Beauty bloggers)",Dermavie,Dermavie
ชาย,35 ปี ขึ้นไป,พนักงานบริษัทเอกชน,"40,000 บาท ขึ้นไป",กทม.,ผิวผสม,"สิวอักเสบ, รูขุมขนกว้าง",สิวเล็กน้อย (ส่วนใหญ่เป็นสิวอุดตัน เป็นสิวอักเสบ/หัวหนองไม่เกิน 10เม็ด),"เลือกด้วยตนเอง, เลือกตามเพื่อน",เลือกใช้ให้ตรงตามสภาพผิวและปัญหาผิวของตนเอง,เลือกใช้ให้ตรงตามสภาพผิวและปัญหาผิวของตนเอง,ไม่ใช้,,,,,,,,,,,,,,,,
หญิง,23-28 ปี,พนักงานบริษัทเอกชน,"25,000 - 29,999 บาท",กทม.,ผิวขาดน้ำ,"สิวอุดตัน, สิวผด, ผิวแพ้ง่าย, รูขุมขนกว้าง, ผิวหมองคล้ำ","นานๆทีเป็นสิว เช่น มีสิวเฉพาะช่วงมีประจำเดือน, พักผ่อนน้อย","เลือกด้วยตนเอง, เลือกตามบิวตี้บลอกเกอร์/ผู้ใช้จริงรีวิว ที่มีสภาพผิวคล้ายๆตัวเอง",เลือกใช้ให้ตรงตามสภาพผิวและปัญหาผิวของตนเอง,เลือกใช้ให้ตรงตามสภาพผิวและปัญหาผิวของตนเอง,ใช้,"Cleansing water, Cleansing sheet (ทิชชู่แผ่นเช็ดเครื่องสำอาง), Cleansing oil",Cleansing water,"สูตรผิวแพ้ง่าย, สูตรชุ่มชื้น (สำหรับผิวแห้ง)",5.0,1.0,5.0,5.0,5.0,5.0,5.0,3.0,4.0,2.0,"เลือกเพราะโปรโมชั่น (Promotion), เห็นคนใช้จริงรีวิว (Online review, Real users), ผู้เชี่ยวชาญ/หมอผิวหนังแนะนำ (Skin expert/dermatologist), สินค้าออกใหม่/สูตรใหม่ (New product/New formula)","Veloura, Kiyora, Dermavie",Veloura
หญิง,29-34 ปี,พนักงานบริษัทเอกชน,"30,000 - 34,999 บาท",กทม.,ผิวผสม,"สิวอักเสบ, ผิวแพ้ง่าย, ผิวแห้ง/ลอก/เป็นขุย","นานๆทีเป็นสิว เช่น มีสิวเฉพาะช่วงมีประจำเดือน, พักผ่อนน้อย",เลือกด้วยตนเอง,เลือกใช้ให้ตรงตามสภาพผิวและปัญหาผิวของตนเอง,"เลือกใช้ให้ตรงตามสภาพผิวและปัญหาผิวของตนเอง, เลือกใช้สูตรที่ขายดี/สูตรดัง ของแบรนด์นั้นๆ",ใช้,"Cleansing water, Cleansing sheet (ทิชชู่แผ่นเช็ดเครื่องสำอาง), Cleansing oil, Cleansing balm",Cleansing balm,"สูตรผิวแพ้ง่าย, สูตรชุ่มชื้น (สำหรับผิวแห้ง)",5.0,5.0,5.0,5.0,5.0,5.0,5.0,5.0,5.0,4.0,"เห็นจากโฆษณา (Ads), บิวตี้บลอกเกอร์แนะนำ (Beauty bloggers), ผู้เชี่ยวชาญ/หมอผิวหนังแนะนำ (Skin expert/dermatologist), สินค้าออกใหม่/สูตรใหม่ (New product/New formula)","Florelle, Aomizu, Bellevia, DermaCerin, Dermavie, Klinor Lab",Dermavie
ชาย,29-34 ปี,ธุรกิจส่วนตัว,"15,000 - 19,999 บาท",กทม.,ผิวธรรมดา,ผิวแพ้ง่าย,"นานๆทีเป็นสิว เช่น มีสิวเฉพาะช่วงมีประจำเดือน, พักผ่อนน้อย",เลือกตามบิวตี้บลอกเกอร์/ผู้ใช้จริงรีวิว ที่มีสภาพผิวคล้ายๆตัวเอง,เลือกใช้ให้ตรงตามสภาพผิวและปัญหาผิวของตนเอง,เลือกใช้สูตรที่เคลมว่าอ่อนโยน ผิวแพ้ง่ายใช้ได้,ไม่ใช้,,,,,,,,,,,,,,,,
หญิง,29-34 ปี,พนักงานบริษัทเอกชน,"20,000 - 24,999 บาท",ฉะเชิงเทรา,ผิวผสม,"สิวอุดตัน, รูขุมขนกว้าง, ผิวแห้ง/ลอก/เป็นขุย","นานๆทีเป็นสิว เช่น มีสิวเฉพาะช่วงมีประจำเดือน, พักผ่อนน้อย",เลือกตามบิวตี้บลอกเกอร์/ผู้ใช้จริงรีวิว ที่มีสภาพผิวคล้ายๆตัวเอง,เลือกใช้ให้ตรงตามสภาพผิวและปัญหาผิวของตนเอง,เลือกใช้ให้ตรงตามสภาพผิวและปัญหาผิวของตนเอง,ใช้,"Cleansing water, Cleansing oil",Cleansing water,"สูตรลดสิว-ผิวแพ้ง่าย, สูตรชุ่มชื้น (สำหรับผิวแห้ง)",5.0,5.0,4.0,4.0,5.0,5.0,5.0,5.0,5.0,5.0,"เลือกเพราะโปรโมชั่น (Promotion), เห็นคนใช้จริงรีวิว (Online review, Real users), บิวตี้บลอกเกอร์แนะนำ (Beauty bloggers), สินค้าออกใหม่/สูตรใหม่ (New product/New formula), มีไซส์เล็ก/ไซส์ทดลอง/ไซส์พกพา (Mini size)","Veloura, Florelle, Kiyora, Kireiha, Bellevia, Luvique, Klinor Lab",Veloura
หญิง,29-34 ปี,พนักงานองค์กรระหว่างประเทศ,"25,000 - 29,999 บาท",ฉะเชิงเทรา,ผิวผสม,"สิวอักเสบ, สิวอุดตัน, รูขุมขนกว้าง, ผิวแห้ง/ลอก/เป็นขุย",สิวเล็กน้อย (ส่วนใหญ่เป็นสิวอุดตัน เป็นสิวอักเสบ/หัวหนองไม่เกิน 10เม็ด),"เลือกตามเพื่อน, ปรึกษาหมอผิวหนัง","เลือกใช้ให้ตรงตามสภาพผิวและปัญหาผิวของตนเอง, เลือกใช้สูตรที่เคลมว่าไม่ก่อให้เกิดสิว/ลดสิว, เลือกใช้สูตรที่เคลมว่าอ่อนโยน ผิวแพ้ง่ายใช้ได้, เลือกใช้สูตรที่ขายดี/สูตรดัง ของแบรนด์นั้นๆ","เลือกใช้ให้ตรงตามสภาพผิวและปัญหาผิวของตนเอง, เลือกใช้สูตรที่เคลมว่าไม่ก่อให้เกิดสิว/ลดสิว, เลือกใช้สูตรที่เคลมว่าอ่อนโยน ผิวแพ้ง่ายใช้ได้, เลือกใช้สูตรที่ขายดี/สูตรดัง ของแบรนด์นั้นๆ",ใช้,"Cleansing water, Cleansing sheet (ทิชชู่แผ่นเช็ดเครื่องสำอาง)",Cleansing water,สูตรลดสิว-ผิวแพ้ง่าย,5.0,4.0,4.0,4.0,3.0,4.0,4.0,3.0,4.0,3.0,"เห็นคนใช้จริงรีวิว (Online review, Real users), ผู้เชี่ยวชาญ/หมอผิวหนังแนะนำ (Skin expert/dermatologist), ยี่ห้อเดิมที่ใช้อยู่หมด/หาซื้อไม่ได้ (Current brand is out of stock), ไม่เคยเปลี่ยนแบรนด์เลย (No switching)","Florelle, Kiyora, Bellevia",Kiyora
ชาย,23-28 ปี,พนักงานบริษัทเอกชน,"20,000 - 24,999 บาท",กทม.,ผิวผสม,"สิวอุดตัน, รูขุมขนกว้าง",สิวเล็กน้อย (ส่วนใหญ่เป็นสิวอุดตัน เป็นสิวอักเสบ/หัวหนองไม่เกิน 10เม็ด),"เลือกด้วยตนเอง, เลือกตามบิวตี้บลอกเกอร์/ผู้ใช้จริงรีวิว ที่มีสภาพผิวคล้ายๆตัวเอง","เลือกใช้ให้ตรงตามสภาพผิวและปัญหาผิวของตนเอง, เลือกใช้สูตรที่เคลมว่าไม่ก่อให้เกิดสิว/ลดสิว, เลือกใช้สูตรที่เคลมว่าอ่อนโยน ผิวแพ้ง่ายใช้ได้","เลือกใช้ให้ตรงตามสภาพผิวและปัญหาผิวของตนเอง, เลือกใช้สูตรที่เคลมว่าไม่ก่อให้เกิดสิว/ลดสิว, เลือกใช้สูตรที่เคลมว่าอ่อนโยน ผิวแพ้ง่ายใช้ได้",ไม่ใช้,,,,,,,,,,,,,,,,
หญิง,29-34 ปี,พนักงานบริษัทเอกชน,"35,000 - 39,999 บาท",กทม.,ผิวผสม,"สิวอักเสบ, สิวอุดตัน, สิวผด, ผิวแพ้ง่าย",สิวปานกลาง (เป็นสิวอักเสบ/หัวหนองมากกว่า10เม็ด),"เลือกด้วยตนเอง, เลือกตามเพื่อน, เลือกตามบิวตี้บลอกเกอร์/ผู้ใช้จริงรีวิว ที่มีสภาพผิวคล้ายๆตัวเอง",เลือกใช้สูตรที่เคลมว่าอ่อนโยน ผิวแพ้ง่ายใช้ได้,เลือกใช้สูตรที่เคลมว่าอ่อนโยน ผิวแพ้ง่ายใช้ได้,ใช้,"Cleansing water, Cleansing milk",Cleansing water,"สูตรลดสิว, สูตรลดสิว-ผิวแพ้ง่าย, สูตรผิวแพ้ง่าย",5.0,5.0,5.0,5.0,5.0,4.0,4.0,3.0,4.0,4.0,"เห็นคนใช้จริงรีวิว (Online review, Real users), มีไซส์เล็ก/ไซส์ทดลอง/ไซส์พกพา (Mini size)","Aomizu, Junpure",Aomizu
หญิง,29-34 ปี,พนักงานบริษัทเอกชน,"40,000 บาท ขึ้นไป",กทม.,ผิวผสม,"สิวอักเสบ, สิวอุดตัน, รูขุมขนกว้าง, ผิวหมองคล้ำ",สิวเล็กน้อย (ส่วนใหญ่เป็นสิวอุดตัน เป็นสิวอักเสบ/หัวหนองไม่เกิน 10เม็ด),"เลือกด้วยตนเอง, เลือกตามเพื่อน, เลือกตามบิวตี้บลอกเกอร์/ผู้ใช้จริงรีวิว ที่มีสภาพผิวคล้ายๆตัวเอง",เลือกใช้สูตรที่เคลมว่าไม่ก่อให้เกิดสิว/ลดสิว,เลือกใช้สูตรที่เคลมว่าอ่อนโยน ผิวแพ้ง่ายใช้ได้,ใช้,Cleansing water,Cleansing water,สูตรผิวแพ้ง่าย,5.0,5.0,5.0,5.0,5.0,4.0,4.0,4.0,5.0,5.0,"เห็นคนใช้จริงรีวิว (Online review, Real users), ผู้เชี่ยวชาญ/หมอผิวหนังแนะนำ (Skin expert/dermatologist), มีไซส์เล็ก/ไซส์ทดลอง/ไซส์พกพา (Mini size)",Dermavie,Dermavie
หญิง,23-28 ปี,แม่บ้าน,"ต่ำกว่า 10,000 บาท",ระยอง,ผิวผสม,ผิวหมองคล้ำ,"นานๆทีเป็นสิว เช่น มีสิวเฉพาะช่วงมีประจำเดือน, พักผ่อนน้อย",เลือกตามบิวตี้บลอกเกอร์/ผู้ใช้จริงรีวิว ที่มีสภาพผิวคล้ายๆตัวเอง,เลือกใช้ให้ตรงตามสภาพผิวและปัญหาผิวของตนเอง,เลือกใช้สูตรที่ขายดี/สูตรดัง ของแบรนด์นั้นๆ,ใช้,Cleansing water,Cleansing water,สูตรคุมมัน (สำหรับผิวมัน),5.0,5.0,5.0,5.0,5.0,5.0,5.0,5.0,5.0,5.0,เลือกเพราะโปรโมชั่น (Promotion),Veloura,Veloura
หญิง,18-22 ปี,พนักงานบริษัทเอกชน,"15,000 - 19,999 บาท",ฉะเชิงเทรา,ผิวมัน,"สิวอักเสบ, สิวอุดตัน, สิวผด, ผิวแพ้ง่าย, รูขุมขนกว้าง, ผิวแห้ง/ลอก/เป็นขุย, ผิวมันเยิ้ม, ผิวหมองคล้ำ",สิวเล็กน้อย (ส่วนใหญ่เป็นสิวอุดตัน เป็นสิวอักเสบ/หัวหนองไม่เกิน 10เม็ด),"เลือกด้วยตนเอง, เลือกตามเพื่อน","เลือกใช้ให้ตรงตามสภาพผิวและปัญหาผิวของตนเอง, เลือกใช้สูตรที่เคลมว่าไม่ก่อให้เกิดสิว/ลดสิว, เลือกใช้สูตรที่เคลมว่าอ่อนโยน ผิวแพ้ง่ายใช้ได้","เลือกใช้ให้ตรงตามสภาพผิวและปัญหาผิวของตนเอง, เลือกใช้สูตรที่เคลมว่าไม่ก่อให้เกิดสิว/ลดสิว",ใช้,Cleansing water,Cleansing water,"สูตรลดสิว, สูตรลดสิว-ผิวแพ้ง่าย, สูตรผิวแพ้ง่าย",5.0,5.0,5.0,5.0,5.0,5.0,5.0,4.0,5.0,4.0,ไม่เคยเปลี่ยนแบรนด์เลย (No switching),"Veloura, Kiyora",Veloura
หญิง,29-34 ปี,ธุรกิจส่วนตัว,"40,000 บาท ขึ้นไป",กทม.,ผิวขาดน้ำ,"สิวอักเสบ, สิวอุดตัน, รูขุมขนกว้าง, ผิวหมองคล้ำ, uneven skintone",สิวเล็กน้อย (ส่วนใหญ่เป็นสิวอุดตัน เป็นสิวอักเสบ/หัวหนองไม่เกิน 10เม็ด),"เลือกด้วยตนเอง, เลือกตามเพื่อน, เลือกตามบิวตี้บลอกเกอร์/ผู้ใช้จริงรีวิว ที่มีสภาพผิวคล้ายๆตัวเอง","เลือกใช้ให้ตรงตามสภาพผิวและปัญหาผิวของตนเอง, เลือกใช้สูตรที่ขายดี/สูตรดัง ของแบรนด์นั้นๆ","เลือกใช้ให้ตรงตามสภาพผิวและปัญหาผิวของตนเอง, เลือกใช้สูตรที่ขายดี/สูตรดัง ของแบรนด์นั้นๆ",ใช้,"Cleansing water, Cleansing sheet (ทิชชู่แผ่นเช็ดเครื่องสำอาง), Cleansing oil, Cleansing balm",Cleansing water,"สูตรลดสิว, สูตรผิวแพ้ง่าย",5.0,4.0,3.0,5.0,4.0,5.0,5.0,3.0,3.0,4.0,"เพื่อนแนะนำ (Friend recommended), บิวตี้บลอกเกอร์แนะนำ (Beauty bloggers), ผู้เชี่ยวชาญ/หมอผิวหนังแนะนำ (Skin expert/dermatologist)","Dermavie, ของหมอ",Dermavie
หญิง,29-34 ปี,พนักงานบริษัทเอกชน,"40,000 บาท ขึ้นไป",กทม.,ผิวมัน,"สิวอักเสบ, สิวอุดตัน, ผิวแพ้ง่าย, รูขุมขนกว้าง",สิวเล็กน้อย (ส่วนใหญ่เป็นสิวอุดตัน เป็นสิวอักเสบ/หัวหนองไม่เกิน 10เม็ด),เลือกด้วยตนเอง,เลือกใช้สูตรที่เคลมว่าอ่อนโยน ผิวแพ้ง่ายใช้ได้,เลือกใช้สูตรที่เคลมว่าอ่อนโยน ผิวแพ้ง่ายใช้ได้,ใช้,Cleansing water,Cleansing water,"สูตรลดสิว-ผิวแพ้ง่าย, สูตรคุมมัน (สำหรับผิวมัน)",5.0,5.0,5.0,5.0,5.0,5.0,5.0,4.0,5.0,5.0,"ผู้เชี่ยวชาญ/หมอผิวหนังแนะนำ (Skin expert/dermatologist), มีไซส์เล็ก/ไซส์ทดลอง/ไซส์พกพา (Mini size)","Veloura, Kiyora, Bellevia, Dermavie",Dermavie
หญิง,29-34 ปี,พนักงานบริษัทเอกชน,"40,000 บาท ขึ้นไป",กทม.,ผิวผสม,"สิวอักเสบ, สิวผด, ผิวแพ้ง่าย",สิวเล็กน้อย (ส่วนใหญ่เป็นสิวอุดตัน เป็นสิวอักเสบ/หัวหนองไม่เกิน 10เม็ด),เลือกด้วยตนเอง,"เลือกใช้ให้ตรงตามสภาพผิวและปัญหาผิวของตนเอง, เลือกใช้สูตรที่เคลมว่าไม่ก่อให้เกิดสิว/ลดสิว, เลือกใช้สูตรที่เคลมว่าอ่อนโยน ผิวแพ้ง่ายใช้ได้","เลือกใช้ให้ตรงตามสภาพผิวและปัญหาผิวของตนเอง, เลือกใช้สูตรที่เคลมว่าไม่ก่อให้เกิดสิว/ลดสิว, เลือกใช้สูตรที่เคลมว่าอ่อนโยน ผิวแพ้ง่ายใช้ได้",ใช้,Cleansing water,Cleansing water,สูตรลดสิว-ผิวแพ้ง่าย,4.0,5.0,5.0,5.0,4.0,4.0,2.0,3.0,3.0,4.0,"ราคาถูกกว่า (Cheaper price), ยี่ห้อเดิมที่ใช้อยู่หมด/หาซื้อไม่ได้ (Current brand is out of stock)",DermaCerin,DermaCerin
หญิง,18-22 ปี,นักศึกษา,"ต่ำกว่า 10,000 บาท",กทม.,ผิวแห้ง,สิวอักเสบ,"นานๆทีเป็นสิว เช่น มีสิวเฉพาะช่วงมีประจำเดือน, พักผ่อนน้อย",เลือกด้วยตนเอง,"เลือกใช้ให้ตรงตามสภาพผิวและปัญหาผิวของตนเอง, เลือกใช้สูตรที่เคลมว่าไม่ก่อให้เกิดสิว/ลดสิว","เลือกใช้สูตรที่เคลมว่าไม่ก่อให้เกิดสิว/ลดสิว, เลือกใช้สูตรที่เคลมว่าอ่อนโยน ผิวแพ้ง่ายใช้ได้",ไม่ใช้,,,,,,,,,,,,,,,,
หญิง,23-28 ปี,ธุรกิจส่วนตัว,"10,001 - 14,999 บาท",กทม.,ผิวแห้ง,"สิวอุดตัน, สิวผด, รูขุมขนกว้าง, ผิวหมองคล้ำ",สิวเล็กน้อย (ส่วนใหญ่เป็นสิวอุดตัน เป็นสิวอักเสบ/หัวหนองไม่เกิน 10เม็ด),เลือกตามบิวตี้บลอกเกอร์/ผู้ใช้จริงรีวิว ที่มีสภาพผิวคล้ายๆตัวเอง,เลือกใช้สูตรที่เคลมว่าไม่ก่อให้เกิดสิว/ลดสิว,เลือกใช้สูตรที่เคลมว่าไม่ก่อให้เกิดสิว/ลดสิว,ใช้,Cleansing oil,Cleansing oil,"สูตรลดสิว, สูตรผิวแพ้ง่าย",5.0,5.0,5.0,5.0,5.0,5.0,5.0,5.0,5.0,5.0,"ผู้เชี่ยวชาญ/หมอผิวหนังแนะนำ (Skin expert/dermatologist), สินค้าออกใหม่/สูตรใหม่ (New product/New formula)","Dermavie, Molochio",Molochio
หญิง,23-28 ปี,ลูกจ้างหน่วยงานราชการ,"ต่ำกว่า 10,000 บาท",แพร่,ผิวแห้ง,"สิวอุดตัน, ผิวแพ้ง่าย, ผิวหมองคล้ำ",สิวเล็กน้อย (ส่วนใหญ่เป็นสิวอุดตัน เป็นสิวอักเสบ/หัวหนองไม่เกิน 10เม็ด),เลือกตามบิวตี้บลอกเกอร์/ผู้ใช้จริงรีวิว ที่มีสภาพผิวคล้ายๆตัวเอง,เลือกใช้สูตรที่เคลมว่าอ่อนโยน ผิวแพ้ง่ายใช้ได้,เลือกใช้สูตรที่เคลมว่าอ่อนโยน ผิวแพ้ง่ายใช้ได้,ไม่ใช้,,,,,,,,,,,,,,,,
หญิง,23-28 ปี,พนักงานบริษัทเอกชน,"15,000 - 19,999 บาท",กทม.,ผิวแห้ง,"สิวอักเสบ, สิวอุดตัน, สิวผด, ผิวแพ้ง่าย, รูขุมขนกว้าง",สิวรุนแรง (มีสิวทุกประเภทร่วมกันเป็นกลุ่มก้อน อักเสบนาน และมีหนองไหล),"เลือกด้วยตนเอง, เลือกตามบิวตี้บลอกเกอร์/ผู้ใช้จริงรีวิว ที่มีสภาพผิวคล้ายๆตัวเอง",เลือกใช้ให้ตรงตามสภาพผิวและปัญหาผิวของตนเอง,เลือกใช้ให้ตรงตามสภาพผิวและปัญหาผิวของตนเอง,ไม่ใช้,,,,,,,,,,,,,,,,
หญิง,29-34 ปี,พนักงานบริษัทเอกชน,"40,000 บาท ขึ้นไป",กทม.,ผิวผสม,"สิวอักเสบ, สิวอุดตัน, ผิวแพ้ง่าย, รูขุมขนกว้าง, ผิวหมองคล้ำ","นานๆทีเป็นสิว เช่น มีสิวเฉพาะช่วงมีประจำเดือน, พักผ่อนน้อย","ปรึกษาหมอผิวหนัง, เลือกตามบิวตี้บลอกเกอร์/ผู้ใช้จริงรีวิว ที่มีสภาพผิวคล้ายๆตัวเอง",เลือกใช้สูตรที่เคลมว่าอ่อนโยน ผิวแพ้ง่ายใช้ได้,เลือกใช้สูตรที่เคลมว่าอ่อนโยน ผิวแพ้ง่ายใช้ได้,ใช้,"Cleansing water, Cleansing oil",Cleansing oil,สูตรผิวแพ้ง่าย,5.0,4.0,5.0,4.0,3.0,4.0,4.0,3.0,5.0,3.0,"บิวตี้บลอกเกอร์แนะนำ (Beauty bloggers), ผู้เชี่ยวชาญ/หมอผิวหนังแนะนำ (Skin expert/dermatologist)","Florelle, Dermavie, Seijun",Seijun
หญิง,23-28 ปี,พนักงานบริษัทเอกชน,"25,000 - 29,999 บาท",กทม.,ผิวผสม,"สิวอุดตัน, ผิวแพ้ง่าย, ผิวมันเยิ้ม, ผิวหมองคล้ำ",สิวเล็กน้อย (ส่วนใหญ่เป็นสิวอุดตัน เป็นสิวอักเสบ/หัวหนองไม่เกิน 10เม็ด),เลือกตามบิวตี้บลอกเกอร์/ผู้ใช้จริงรีวิว ที่มีสภาพผิวคล้ายๆตัวเอง,"เลือกใช้ให้ตรงตามสภาพผิวและปัญหาผิวของตนเอง, เลือกใช้สูตรที่เคลมว่าอ่อนโยน ผิวแพ้ง่ายใช้ได้","เลือกใช้ให้ตรงตามสภาพผิวและปัญหาผิวของตนเอง, เลือกใช้สูตรที่เคลมว่าอ่อนโยน ผิวแพ้ง่ายใช้ได้",ไม่ใช้,,,,,,,,,,,,,,,,
หญิง,23-28 ปี,ธุรกิจส่วนตัว,"ต่ำกว่า 10,000 บาท",พิษณุโลก,ผิวผสม,"สิวอุดตัน, สิวผด, ผิวมันเยิ้ม, ผิวหมองคล้ำ",สิวเล็กน้อย (ส่วนใหญ่เป็นสิวอุดตัน เป็นสิวอักเสบ/หัวหนองไม่เกิน 10เม็ด),เลือกตามเพื่อน,เลือกใช้สูตรที่เคลมว่าอ่อนโยน ผิวแพ้ง่ายใช้ได้,เลือกใช้สูตรที่เคลมว่าไม่ก่อให้เกิดสิว/ลดสิว,ไม่ใช้,,,,,,,,,,,,,,,,
หญิง,29-34 ปี,ธุรกิจส่วนตัว,"40,000 บาท ขึ้นไป",ฉะเชิงเทรา,ผิวผสม,"สิวผด, รูขุมขนกว้าง, ผิวแห้ง/ลอก/เป็นขุย","นานๆทีเป็นสิว เช่น มีสิวเฉพาะช่วงมีประจำเดือน, พักผ่อนน้อย","เลือกด้วยตนเอง, เลือกตามเพื่อน",เลือกใช้ให้ตรงตามสภาพผิวและปัญหาผิวของตนเอง,เลือกใช้ให้ตรงตามสภาพผิวและปัญหาผิวของตนเอง,ใช้,Cleansing water,Cleansing water,"สูตรลดสิว, สูตรคุมมัน (สำหรับผิวมัน), สูตรชุ่มชื้น (สำหรับผิวแห้ง)",5.0,5.0,5.0,5.0,5.0,5.0,5.0,5.0,5.0,5.0,"เพื่อนแนะนำ (Friend recommended), ไม่เคยเปลี่ยนแบรนด์เลย (No switching)","Dermavie, Klinor Lab",Dermavie
หญิง,23-28 ปี,ข้าราชการ,"15,000 - 19,999 บาท",แพร่,ผิวมัน,"สิวอักเสบ, สิวอุดตัน, สิวผด, รูขุมขนกว้าง, ผิวมันเยิ้ม, สิวเสี้ยน​",สิวเล็กน้อย (ส่วนใหญ่เป็นสิวอุดตัน เป็นสิวอักเสบ/หัวหนองไม่เกิน 10เม็ด),เลือกด้วยตนเอง,"เลือกใช้สูตรที่เคลมว่าไม่ก่อให้เกิดสิว/ลดสิว, เลือกใช้สูตรที่เคลมว่าอ่อนโยน ผิวแพ้ง่ายใช้ได้","เลือกใช้สูตรที่เคลมว่าไม่ก่อให้เกิดสิว/ลดสิว, เลือกใช้สูตรที่เคลมว่าอ่อนโยน ผิวแพ้ง่ายใช้ได้",ไม่ใช้,,,,,,,,,,,,,,,,
หญิง,23-28 ปี,พนักงานบริษัทเอกชน,"15,000 - 19,999 บาท",พิษณุโลก,ผิวมัน,"สิวอักเสบ, รูขุมขนกว้าง, ผิวแห้ง/ลอก/เป็นขุย, ผิวมันเยิ้ม",สิวเล็กน้อย (ส่วนใหญ่เป็นสิวอุดตัน เป็นสิวอักเสบ/หัวหนองไม่เกิน 10เม็ด),"เลือกด้วยตนเอง, เลือกตามเพื่อน, ปรึกษาหมอผิวหนัง","เลือกใช้สูตรที่เคลมว่าไม่ก่อให้เกิดสิว/ลดสิว, เลือกใช้สูตรที่ขายดี/สูตรดัง ของแบรนด์นั้นๆ","เลือกใช้สูตรที่เคลมว่าไม่ก่อให้เกิดสิว/ลดสิว, เลือกใช้สูตรที่เคลมว่าอ่อนโยน ผิวแพ้ง่ายใช้ได้",ไม่ใช้,,,,,,,,,,,,,,,,
หญิง,29-34 ปี,ธุรกิจส่วนตัว,"10,001 - 14,999 บาท",เชียงราย,ผิวแห้ง,"สิวอุดตัน, สิวผด, ผิวแพ้ง่าย, รูขุมขนกว้าง, ผิวหมองคล้ำ",สิวเล็กน้อย (ส่วนใหญ่เป็นสิวอุดตัน เป็นสิวอักเสบ/หัวหนองไม่เกิน 10เม็ด),"ปรึกษาหมอผิวหนัง, เลือกตามบิวตี้บลอกเกอร์/ผู้ใช้จริงรีวิว ที่มีสภาพผิวคล้ายๆตัวเอง","เลือกใช้ให้ตรงตามสภาพผิวและปัญหาผิวของตนเอง, เลือกใช้สูตรที่เคลมว่าอ่อนโยน ผิวแพ้ง่ายใช้ได้","เลือกใช้ให้ตรงตามสภาพผิวและปัญหาผิวของตนเอง, เลือกใช้สูตรที่เคลมว่าอ่อนโยน ผิวแพ้ง่ายใช้ได้",ไม่ใช้,,,,,,,,,,,,,,,,
หญิง,29-34 ปี,ธุรกิจส่วนตัว,"40,000 บาท ขึ้นไป",กทม.,ผิวผสม,"สิวอักเสบ, สิวอุดตัน, สิวผด, ผิวแพ้ง่าย, รูขุมขนกว้าง, ผิวมันเยิ้ม, ผิวหมองคล้ำ, ไม่มีปัญหาผิว",สิวเล็กน้อย (ส่วนใหญ่เป็นสิวอุดตัน เป็นสิวอักเสบ/หัวหนองไม่เกิน 10เม็ด),"เลือกด้วยตนเอง, เลือกตามบิวตี้บลอกเกอร์/ผู้ใช้จริงรีวิว ที่มีสภาพผิวคล้ายๆตัวเอง","เลือกใช้สูตรที่เคลมว่าไม่ก่อให้เกิดสิว/ลดสิว, เลือกใช้สูตรที่เคลมว่าอ่อนโยน ผิวแพ้ง่ายใช้ได้","เลือกใช้ให้ตรงตามสภาพผิวและปัญหาผิวของตนเอง, เลือกใช้สูตรที่เคลมว่าไม่ก่อให้เกิดสิว/ลดสิว, เลือกใช้สูตรที่เคลมว่าอ่อนโยน ผิวแพ้ง่ายใช้ได้",ใช้,Cleansing water,Cleansing water,"สูตรลดสิว, สูตรลดสิว-ผิวแพ้ง่าย, สูตรผิวแพ้ง่าย, สูตรคุมมัน (สำหรับผิวมัน)",5.0,4.0,5.0,5.0,3.0,4.0,5.0,3.0,3.0,3.0,"เห็นคนใช้จริงรีวิว (Online review, Real users), มีไซส์เล็ก/ไซส์ทดลอง/ไซส์พกพา (Mini size)",Klinor Lab,Klinor Lab
หญิง,18-22 ปี,นักศึกษา,"10,001 - 14,999 บาท",นนทบุรี,ผิวมัน,"สิวอักเสบ, สิวอุดตัน, ผิวแพ้ง่าย, รูขุมขนกว้าง, ผิวมันเยิ้ม, ผิวหมองคล้ำ",สิวเล็กน้อย (ส่วนใหญ่เป็นสิวอุดตัน เป็นสิวอักเสบ/หัวหนองไม่เกิน 10เม็ด),"เลือกด้วยตนเอง, ปรึกษาหมอผิวหนัง, เลือกตามบิวตี้บลอกเกอร์/ผู้ใช้จริงรีวิว ที่มีสภาพผิวคล้ายๆตัวเอง, เลือกตามดารา/พรีเซนเตอร์","เลือกใช้ให้ตรงตามสภาพผิวและปัญหาผิวของตนเอง, เลือกใช้สูตรที่เคลมว่าไม่ก่อให้เกิดสิว/ลดสิว, เลือกใช้สูตรที่เคลมว่าอ่อนโยน ผิวแพ้ง่ายใช้ได้","เลือกใช้ให้ตรงตามสภาพผิวและปัญหาผิวของตนเอง, เลือกใช้สูตรที่เคลมว่าไม่ก่อให้เกิดสิว/ลดสิว, เลือกใช้สูตรที่เคลมว่าอ่อนโยน ผิวแพ้ง่ายใช้ได้",ไม่ใช้,,,,,,,,,,,,,,,,
หญิง,23-28 ปี,พนักงานบริษัทเอกชน,"40,000 บาท ขึ้นไป",กทม.,ผิวผสม,"สิวอุดตัน, รูขุมขนกว้าง, ผิวมันเยิ้ม, ผิวหมองคล้ำ","นานๆทีเป็นสิว เช่น มีสิวเฉพาะช่วงมีประจำเดือน, พักผ่อนน้อย","เลือกตามเพื่อน, เลือกตามบิวตี้บลอกเกอร์/ผู้ใช้จริงรีวิว ที่มีสภาพผิวคล้ายๆตัวเอง","เลือกใช้ให้ตรงตามสภาพผิวและปัญหาผิวของตนเอง, เลือกใช้สูตรที่เคลมว่าอ่อนโยน ผิวแพ้ง่ายใช้ได้",เลือกใช้สูตรที่เคลมว่าอ่อนโยน ผิวแพ้ง่ายใช้ได้,ใช้,"Cleansing water, Cleansing sheet (ทิชชู่แผ่นเช็ดเครื่องสำอาง)",Cleansing sheet (ทิชชู่แผ่นเช็ดเครื่องสำอาง),"สูตรผิวแพ้ง่าย, สูตรคุมมัน (สำหรับผิวมัน)",5.0,5.0,5.0,5.0,5.0,4.0,4.0,5.0,5.0,5.0,"เพื่อนแนะนำ (Friend recommended), เห็นคนใช้จริงรีวิว (Online review, Real users)","Kiyora, Kireiha, Klinor Lab",Kiyora
หญิง,29-34 ปี,พนักงานบริษัทเอกชน,"40,000 บาท ขึ้นไป",กทม.,ผิวขาดน้ำ,"สิวอุดตัน, ผิวแพ้ง่าย, รูขุมขนกว้าง","นานๆทีเป็นสิว เช่น มีสิวเฉพาะช่วงมีประจำเดือน, พักผ่อนน้อย",เลือกด้วยตนเอง,"เลือกใช้ให้ตรงตามสภาพผิวและปัญหาผิวของตนเอง, เลือกใช้สูตรที่เคลมว่าอ่อนโยน ผิวแพ้ง่ายใช้ได้","เลือกใช้สูตรที่เคลมว่าไม่ก่อให้เกิดสิว/ลดสิว, เลือกใช้สูตรที่เคลมว่าอ่อนโยน ผิวแพ้ง่ายใช้ได้",ใช้,"Cleansing water, Cleansing balm",Cleansing balm,"สูตรลดสิว, สูตรผิวแพ้ง่าย, สูตรชุ่มชื้น (สำหรับผิวแห้ง)",4.0,3.0,5.0,4.0,3.0,5.0,5.0,3.0,3.0,3.0,"เลือกเพราะโปรโมชั่น (Promotion), สินค้าออกใหม่/สูตรใหม่ (New product/New formula), มีไซส์เล็ก/ไซส์ทดลอง/ไซส์พกพา (Mini size), ยี่ห้อเดิมที่ใช้อยู่หมด/หาซื้อไม่ได้ (Current brand is out of stock)",Aomizu,Banila Co
ชาย,23-28 ปี,ธุรกิจส่วนตัว,"40,000 บาท ขึ้นไป",พิษณุโลก,ผิวแห้ง,ผิวแห้ง/ลอก/เป็นขุย,ไม่มีสิวเลย,เลือกด้วยตนเอง,เลือกใช้ให้ตรงตามสภาพผิวและปัญหาผิวของตนเอง,เลือกใช้ให้ตรงตามสภาพผิวและปัญหาผิวของตนเอง,ไม่ใช้,,,,,,,,,,,,,,,,
หญิง,23-28 ปี,พนักงานบริษัทเอกชน,"35,000 - 39,999 บาท",กทม.,ผิวมัน,"สิวอุดตัน, สิวผด, ผิวแพ้ง่าย, รูขุมขนกว้าง, ผิวมันเยิ้ม, ผิวหมองคล้ำ","นานๆทีเป็นสิว เช่น มีสิวเฉพาะช่วงมีประจำเดือน, พักผ่อนน้อย","เลือกด้วยตนเอง, เลือกตามบิวตี้บลอกเกอร์/ผู้ใช้จริงรีวิว ที่มีสภาพผิวคล้ายๆตัวเอง","เลือกใช้ให้ตรงตามสภาพผิวและปัญหาผิวของตนเอง, เลือกใช้สูตรที่เคลมว่าไม่ก่อให้เกิดสิว/ลดสิว, เลือกใช้สูตรที่เคลมว่าอ่อนโยน ผิวแพ้ง่ายใช้ได้, เลือกใช้สูตรที่ขายดี/สูตรดัง ของแบรนด์นั้นๆ","เลือกใช้ให้ตรงตามสภาพผิวและปัญหาผิวของตนเอง, เลือกใช้สูตรที่เคลมว่าอ่อนโยน ผิวแพ้ง่ายใช้ได้, เลือกใช้สูตรที่ขายดี/สูตรดัง ของแบรนด์นั้นๆ",ใช้,"Cleansing water, Cleansing sheet (ทิชชู่แผ่นเช็ดเครื่องสำอาง), Cleansing milk, Cleansing oil",Cleansing water,สูตรผิวแพ้ง่าย,5.0,3.0,4.0,3.0,3.0,4.0,3.0,3.0,3.0,3.0,"ราคาถูกกว่า (Cheaper price), เลือกเพราะโปรโมชั่น (Promotion), เพื่อนแนะนำ (Friend recommended), เห็นคนใช้จริงรีวิว (Online review, Real users), บิวตี้บลอกเกอร์แนะนำ (Beauty bloggers), ผู้เชี่ยวชาญ/หมอผิวหนังแนะนำ (Skin expert/dermatologist), มีไซส์เล็ก/ไซส์ทดลอง/ไซส์พกพา (Mini size), ยี่ห้อเดิมที่ใช้อยู่หมด/หาซื้อไม่ได้ (Current brand is out of stock)","Kiyora, Kireiha, Dermavie",Dermavie
หญิง,23-28 ปี,พนักงานบริษัทเอกชน,"40,000 บาท ขึ้นไป",กทม.,ผิวแห้ง,"ผิวแพ้ง่าย, ผิวแห้ง/ลอก/เป็นขุย","นานๆทีเป็นสิว เช่น มีสิวเฉพาะช่วงมีประจำเดือน, พักผ่อนน้อย","เลือกด้วยตนเอง, เลือกตามเพื่อน",เลือกใช้สูตรที่เคลมว่าอ่อนโยน ผิวแพ้ง่ายใช้ได้,"เลือกใช้สูตรที่เคลมว่าไม่ก่อให้เกิดสิว/ลดสิว, เลือกใช้สูตรที่เคลมว่าอ่อนโยน ผิวแพ้ง่ายใช้ได้",ใช้,"Cleansing water, Cleansing oil",Cleansing water,"สูตรลดสิว-ผิวแพ้ง่าย, สูตรผิวแพ้ง่าย, สูตรเพื่อผิวกระจ่างใส",5.0,2.0,5.0,5.0,4.0,4.0,4.0,3.0,4.0,3.0,"เลือกเพราะโปรโมชั่น (Promotion), เพื่อนแนะนำ (Friend recommended), มีไซส์เล็ก/ไซส์ทดลอง/ไซส์พกพา (Mini size)","Veloura, Florelle, Kireiha, Dermavie",Dermavie
หญิง,29-34 ปี,พนักงานบริษัทเอกชน,"40,000 บาท ขึ้นไป",กทม.,ผิวธรรมดา,ไม่มีปัญหาผิว,"นานๆทีเป็นสิว เช่น มีสิวเฉพาะช่วงมีประจำเดือน, พักผ่อนน้อย",เลือกตามเพื่อน,เลือกใช้สูตรที่เคลมว่าอ่อนโยน ผิวแพ้ง่ายใช้ได้,เลือกใช้สูตรที่เคลมว่าอ่อนโยน ผิวแพ้ง่ายใช้ได้,ไม่ใช้,,,,,,,,,,,,,,,,
ชาย,23-28 ปี,พนักงานบริษัทเอกชน,"40,000 บาท ขึ้นไป",กทม.,ผิวมัน,"สิวอุดตัน, รูขุมขนกว้าง, ผิวหมองคล้ำ",สิวเล็กน้อย (ส่วนใหญ่เป็นสิวอุดตัน เป็นสิวอักเสบ/หัวหนองไม่เกิน 10เม็ด),"เลือกตามเพื่อน, เลือกตามบิวตี้บลอกเกอร์/ผู้ใช้จริงรีวิว ที่มีสภาพผิวคล้ายๆตัวเอง","เลือกใช้ให้ตรงตามสภาพผิวและปัญหาผิวของตนเอง, เลือกใช้สูตรที่เคลมว่าไม่ก่อให้เกิดสิว/ลดสิว, เลือกใช้สูตรที่เคลมว่าอ่อนโยน ผิวแพ้ง่ายใช้ได้","เลือกใช้ให้ตรงตามสภาพผิวและปัญหาผิวของตนเอง, เลือกใช้สูตรที่เคลมว่าไม่ก่อให้เกิดสิว/ลดสิว",ใช้,Cleansing water,Cleansing water,"สูตรลดสิว-ผิวแพ้ง่าย, สูตรคุมมัน (สำหรับผิวมัน)",5.0,5.0,5.0,4.0,4.0,5.0,4.0,5.0,5.0,5.0,"เพื่อนแนะนำ (Friend recommended), เห็นคนใช้จริงรีวิว (Online review, Real users), ผู้เชี่ยวชาญ/หมอผิวหนังแนะนำ (Skin expert/dermatologist), มีไซส์เล็ก/ไซส์ทดลอง/ไซส์พกพา (Mini size)","Veloura, Eastern Belle",Eastern Belle
หญิง,29-34 ปี,ธุรกิจส่วนตัว,"40,000 บาท ขึ้นไป",ปทุมธานี,ผิวผสม,"สิวอุดตัน, รูขุมขนกว้าง, ผิวหมองคล้ำ","นานๆทีเป็นสิว เช่น มีสิวเฉพาะช่วงมีประจำเดือน, พักผ่อนน้อย",เลือกด้วยตนเอง,"เลือกใช้ให้ตรงตามสภาพผิวและปัญหาผิวของตนเอง, เลือกใช้สูตรที่เคลมว่าอ่อนโยน ผิวแพ้ง่ายใช้ได้","เลือกใช้สูตรที่เคลมว่าไม่ก่อให้เกิดสิว/ลดสิว, เลือกใช้สูตรที่เคลมว่าอ่อนโยน ผิวแพ้ง่ายใช้ได้",ใช้,"Cleansing water, Cleansing sheet (ทิชชู่แผ่นเช็ดเครื่องสำอาง)",Cleansing water,สูตรผิวแพ้ง่าย,5.0,3.0,5.0,5.0,5.0,5.0,5.0,4.0,5.0,3.0,มีไซส์เล็ก/ไซส์ทดลอง/ไซส์พกพา (Mini size),"Aomizu, Dermavie",Aomizu
หญิง,18-22 ปี,นักศึกษา,"ต่ำกว่า 10,000 บาท",พะเยา,ผิวแห้ง,"สิวอุดตัน, รูขุมขนกว้าง, ผิวหมองคล้ำ",สิวปานกลาง (เป็นสิวอักเสบ/หัวหนองมากกว่า10เม็ด),"เลือกด้วยตนเอง, เลือกตามเพื่อน",เลือกใช้ให้ตรงตามสภาพผิวและปัญหาผิวของตนเอง,เลือกใช้ให้ตรงตามสภาพผิวและปัญหาผิวของตนเอง,ไม่ใช้,,,,,,,,,,,,,,,,
หญิง,18-22 ปี,นักศึกษา,"ต่ำกว่า 10,000 บาท",กทม.,ผิวมัน,"สิวอุดตัน, รูขุมขนกว้าง, ผิวมันเยิ้ม, ผิวหมองคล้ำ","นานๆทีเป็นสิว เช่น มีสิวเฉพาะช่วงมีประจำเดือน, พักผ่อนน้อย",ปรึกษาหมอผิวหนัง,เลือกใช้ให้ตรงตามสภาพผิวและปัญหาผิวของตนเอง,เลือกใช้สูตรที่เคลมว่าไม่ก่อให้เกิดสิว/ลดสิว,ใช้,Cleansing water,Cleansing water,"สูตรลดสิว, สูตรลดสิว-ผิวแพ้ง่าย",4.0,5.0,5.0,5.0,5.0,4.0,4.0,4.0,5.0,5.0,"เห็นจากโฆษณา (Ads), เห็นคนใช้จริงรีวิว (Online review, Real users), ผู้เชี่ยวชาญ/หมอผิวหนังแนะนำ (Skin expert/dermatologist)",Florelle,Florelle
หญิง,18-22 ปี,นักศึกษา,"10,001 - 14,999 บาท",พิษณุโลก,ผิวมัน,"สิวอักเสบ, สิวผด, ผิวแพ้ง่าย",สิวเล็กน้อย (ส่วนใหญ่เป็นสิวอุดตัน เป็นสิวอักเสบ/หัวหนองไม่เกิน 10เม็ด),เลือกด้วยตนเอง,เลือกใช้ให้ตรงตามสภาพผิวและปัญหาผิวของตนเอง,เลือกใช้ให้ตรงตามสภาพผิวและปัญหาผิวของตนเอง,ไม่ใช้,,,,,,,,,,,,,,,,
หญิง,23-28 ปี,ธุรกิจส่วนตัว,"10,001 - 14,999 บาท",กทม.,ผิวผสม,"สิวผด, รูขุมขนกว้าง, ผิวมันเยิ้ม, ผิวหมองคล้ำ","นานๆทีเป็นสิว เช่น มีสิวเฉพาะช่วงมีประจำเดือน, พักผ่อนน้อย","เลือกตามเพื่อน, เลือกตามบิวตี้บลอกเกอร์/ผู้ใช้จริงรีวิว ที่มีสภาพผิวคล้ายๆตัวเอง",เลือกใช้ให้ตรงตามสภาพผิวและปัญหาผิวของตนเอง,"เลือกใช้สูตรที่เคลมว่าอ่อนโยน ผิวแพ้ง่ายใช้ได้, เลือกใช้สูตรที่ขายดี/สูตรดัง ของแบรนด์นั้นๆ",ใช้,Cleansing water,Cleansing water,"สูตรชุ่มชื้น (สำหรับผิวแห้ง), สูตรสำหรับผิวธรรมดา (ไม่มีปัญหาผิว)",4.0,3.0,3.0,4.0,5.0,5.0,5.0,4.0,4.0,4.0,"เลือกเพราะโปรโมชั่น (Promotion), เพื่อนแนะนำ (Friend recommended), เห็นคนใช้จริงรีวิว (Online review, Real users), ผู้เชี่ยวชาญ/หมอผิวหนังแนะนำ (Skin expert/dermatologist), ยี่ห้อเดิมที่ใช้อยู่หมด/หาซื้อไม่ได้ (Current brand is out of stock), ไม่เคยเปลี่ยนแบรนด์เลย (No switching), GLOW IN SKIN",GLOW IN SKIN,GLOW IN SKIN
หญิง,23-28 ปี,พนักงานรัฐวิสาหกิจ,"15,000 - 19,999 บาท",แพร่,ผิวมัน,"สิวอุดตัน, สิวผด, ผิวแพ้ง่าย, รูขุมขนกว้าง, ผิวมันเยิ้ม, ผิวหมองคล้ำ",สิวเล็กน้อย (ส่วนใหญ่เป็นสิวอุดตัน เป็นสิวอักเสบ/หัวหนองไม่เกิน 10เม็ด),"เลือกด้วยตนเอง, เลือกตามบิวตี้บลอกเกอร์/ผู้ใช้จริงรีวิว ที่มีสภาพผิวคล้ายๆตัวเอง","เลือกใช้สูตรที่เคลมว่าไม่ก่อให้เกิดสิว/ลดสิว, เลือกใช้สูตรที่เคลมว่าอ่อนโยน ผิวแพ้ง่ายใช้ได้","เลือกใช้สูตรที่เคลมว่าไม่ก่อให้เกิดสิว/ลดสิว, เลือกใช้สูตรที่เคลมว่าอ่อนโยน ผิวแพ้ง่ายใช้ได้",ใช้,Cleansing water,Cleansing water,สูตรลดสิว-ผิวแพ้ง่าย,5.0,5.0,5.0,5.0,5.0,4.0,4.0,4.0,5.0,5.0,"เห็นคนใช้จริงรีวิว (Online review, Real users), ผู้เชี่ยวชาญ/หมอผิวหนังแนะนำ (Skin expert/dermatologist), มีไซส์เล็ก/ไซส์ทดลอง/ไซส์พกพา (Mini size), ยี่ห้อเดิมที่ใช้อยู่หมด/หาซื้อไม่ได้ (Current brand is out of stock)","Veloura, Florelle, Kiyora, Kireiha, Hydravax, Glow in Skin",Glow in Skin
หญิง,18-22 ปี,นักศึกษา,"ต่ำกว่า 10,000 บาท",มุกดาหาร,ผิวผสม,"สิวอักเสบ, สิวอุดตัน, สิวผด, ผิวแพ้ง่าย, รูขุมขนกว้าง, ผิวหมองคล้ำ",สิวเล็กน้อย (ส่วนใหญ่เป็นสิวอุดตัน เป็นสิวอักเสบ/หัวหนองไม่เกิน 10เม็ด),เลือกด้วยตนเอง,"เลือกใช้ให้ตรงตามสภาพผิวและปัญหาผิวของตนเอง, เลือกใช้สูตรที่เคลมว่าอ่อนโยน ผิวแพ้ง่ายใช้ได้","เลือกใช้ให้ตรงตามสภาพผิวและปัญหาผิวของตนเอง, เลือกใช้สูตรที่เคลมว่าอ่อนโยน ผิวแพ้ง่ายใช้ได้",ใช้,Cleansing water,Cleansing water,สูตรลดสิว-ผิวแพ้ง่าย,3.0,3.0,3.0,4.0,5.0,4.0,4.0,4.0,4.0,3.0,"เห็นคนใช้จริงรีวิว (Online review, Real users), บิวตี้บลอกเกอร์แนะนำ (Beauty bloggers)",Silk Elexir,Silk Elexir
หญิง,18-22 ปี,นักศึกษา,"ต่ำกว่า 10,000 บาท",พะเยา,ผิวมัน,"สิวอุดตัน, ผิวมันเยิ้ม",สิวเล็กน้อย (ส่วนใหญ่เป็นสิวอุดตัน เป็นสิวอักเสบ/หัวหนองไม่เกิน 10เม็ด),เลือกด้วยตนเอง,"เลือกใช้ให้ตรงตามสภาพผิวและปัญหาผิวของตนเอง, เลือกใช้สูตรที่เคลมว่าไม่ก่อให้เกิดสิว/ลดสิว",เลือกใช้สูตรที่เคลมว่าไม่ก่อให้เกิดสิว/ลดสิว,ใช้,Cleansing water,Cleansing water,สูตรลดสิว,4.0,4.0,4.0,4.0,4.0,4.0,4.0,4.0,4.0,4.0,"เห็นคนใช้จริงรีวิว (Online review, Real users), บิวตี้บลอกเกอร์แนะนำ (Beauty bloggers)",Veloura,Veloura
หญิง,23-28 ปี,ข้าราชการ,"15,000 - 19,999 บาท",แพร่,ผิวแห้ง,"สิวอักเสบ, สิวผด, รูขุมขนกว้าง",สิวเล็กน้อย (ส่วนใหญ่เป็นสิวอุดตัน เป็นสิวอักเสบ/หัวหนองไม่เกิน 10เม็ด),"เลือกด้วยตนเอง, เลือกตามบิวตี้บลอกเกอร์/ผู้ใช้จริงรีวิว ที่มีสภาพผิวคล้ายๆตัวเอง","เลือกใช้ให้ตรงตามสภาพผิวและปัญหาผิวของตนเอง, เลือกใช้สูตรที่เคลมว่าไม่ก่อให้เกิดสิว/ลดสิว, เลือกใช้สูตรที่เคลมว่าอ่อนโยน ผิวแพ้ง่ายใช้ได้, เลือกใช้สูตรที่ขายดี/สูตรดัง ของแบรนด์นั้นๆ",เลือกใช้สูตรที่เคลมว่าอ่อนโยน ผิวแพ้ง่ายใช้ได้,ใช้,"Cleansing water, Cleansing milk",Cleansing milk,"สูตรลดสิว-ผิวแพ้ง่าย, สูตรเพื่อผิวกระจ่างใส",4.0,5.0,5.0,4.0,4.0,5.0,5.0,5.0,5.0,4.0,"ราคาถูกกว่า (Cheaper price), เลือกเพราะโปรโมชั่น (Promotion), ยี่ห้อเดิมที่ใช้อยู่หมด/หาซื้อไม่ได้ (Current brand is out of stock)","Kiyora, Kireiha, Oréline, Klinor Lab",Klinor Lab
หญิง,29-34 ปี,พนักงานบริษัทเอกชน,"40,000 บาท ขึ้นไป",กทม.,ผิวผสม,"สิวอุดตัน, รูขุมขนกว้าง, ผิวมันเยิ้ม",สิวเล็กน้อย (ส่วนใหญ่เป็นสิวอุดตัน เป็นสิวอักเสบ/หัวหนองไม่เกิน 10เม็ด),"เลือกด้วยตนเอง, เลือกตามเพื่อน, เลือกตามบิวตี้บลอกเกอร์/ผู้ใช้จริงรีวิว ที่มีสภาพผิวคล้ายๆตัวเอง",เลือกใช้ให้ตรงตามสภาพผิวและปัญหาผิวของตนเอง,เลือกใช้ให้ตรงตามสภาพผิวและปัญหาผิวของตนเอง,ใช้,"Cleansing water, Cleansing oil",Cleansing water,"สูตรลดสิว, สูตรคุมมัน (สำหรับผิวมัน)",5.0,5.0,5.0,4.0,4.0,4.0,4.0,4.0,5.0,4.0,"ราคาถูกกว่า (Cheaper price), เพื่อนแนะนำ (Friend recommended), เห็นคนใช้จริงรีวิว (Online review, Real users), บิวตี้บลอกเกอร์แนะนำ (Beauty bloggers), ผู้เชี่ยวชาญ/หมอผิวหนังแนะนำ (Skin expert/dermatologist)",Kiyora,Kiyora
หญิง,18-22 ปี,นักศึกษา,"ต่ำกว่า 10,000 บาท",พะเยา,ผิวผสม,"สิวอักเสบ, สิวอุดตัน, สิวผด, รูขุมขนกว้าง, ผิวหมองคล้ำ",สิวเล็กน้อย (ส่วนใหญ่เป็นสิวอุดตัน เป็นสิวอักเสบ/หัวหนองไม่เกิน 10เม็ด),"เลือกด้วยตนเอง, เลือกตามเพื่อน, เลือกตามบิวตี้บลอกเกอร์/ผู้ใช้จริงรีวิว ที่มีสภาพผิวคล้ายๆตัวเอง","เลือกใช้ให้ตรงตามสภาพผิวและปัญหาผิวของตนเอง, เลือกใช้สูตรที่เคลมว่าอ่อนโยน ผิวแพ้ง่ายใช้ได้","เลือกใช้ให้ตรงตามสภาพผิวและปัญหาผิวของตนเอง, เลือกใช้สูตรที่เคลมว่าอ่อนโยน ผิวแพ้ง่ายใช้ได้",ใช้,"Cleansing water, Cleansing oil",Cleansing water,สูตรผิวแพ้ง่าย,5.0,5.0,5.0,5.0,5.0,5.0,5.0,5.0,5.0,5.0,"เห็นจากโฆษณา (Ads), เพื่อนแนะนำ (Friend recommended), เห็นคนใช้จริงรีวิว (Online review, Real users), บิวตี้บลอกเกอร์แนะนำ (Beauty bloggers), ผู้เชี่ยวชาญ/หมอผิวหนังแนะนำ (Skin expert/dermatologist)",Silk Elexir,Silk Elexir
หญิง,29-34 ปี,พนักงานบริษัทเอกชน,"20,000 - 24,999 บาท",สงขลา,ผิวผสม,"สิวอุดตัน, สิวผด, ผิวแห้ง/ลอก/เป็นขุย, ผิวหมองคล้ำ",สิวเล็กน้อย (ส่วนใหญ่เป็นสิวอุดตัน เป็นสิวอักเสบ/หัวหนองไม่เกิน 10เม็ด),"เลือกด้วยตนเอง, เลือกตามบิวตี้บลอกเกอร์/ผู้ใช้จริงรีวิว ที่มีสภาพผิวคล้ายๆตัวเอง",เลือกใช้ให้ตรงตามสภาพผิวและปัญหาผิวของตนเอง,"เลือกใช้ให้ตรงตามสภาพผิวและปัญหาผิวของตนเอง, เลือกใช้สูตรที่เคลมว่าไม่ก่อให้เกิดสิว/ลดสิว",ไม่ใช้,,,,,,,,,,,,,,,,
หญิง,23-28 ปี,พนักงานบริษัทเอกชน,"20,000 - 24,999 บาท",กทม.,ผิวมัน,"สิวอุดตัน, รูขุมขนกว้าง","นานๆทีเป็นสิว เช่น มีสิวเฉพาะช่วงมีประจำเดือน, พักผ่อนน้อย","เลือกด้วยตนเอง, เลือกตามเพื่อน","เลือกใช้ให้ตรงตามสภาพผิวและปัญหาผิวของตนเอง, เลือกใช้สูตรที่เคลมว่าไม่ก่อให้เกิดสิว/ลดสิว, เลือกใช้สูตรที่เคลมว่าอ่อนโยน ผิวแพ้ง่ายใช้ได้, เลือกใช้สูตรที่ขายดี/สูตรดัง ของแบรนด์นั้นๆ",เลือกใช้สูตรที่เคลมว่าอ่อนโยน ผิวแพ้ง่ายใช้ได้,ใช้,Cleansing sheet (ทิชชู่แผ่นเช็ดเครื่องสำอาง),Cleansing sheet (ทิชชู่แผ่นเช็ดเครื่องสำอาง),สูตรลดสิว-ผิวแพ้ง่าย,5.0,5.0,5.0,4.0,4.0,5.0,5.0,5.0,5.0,5.0,"เพื่อนแนะนำ (Friend recommended), ผู้เชี่ยวชาญ/หมอผิวหนังแนะนำ (Skin expert/dermatologist)","Oréline, Hikari",Hikari
หญิง,29-34 ปี,พนักงานบริษัทเอกชน,"25,000 - 29,999 บาท",กทม.,ผิวแห้ง,"สิวอักเสบ, รูขุมขนกว้าง, ผิวแห้ง/ลอก/เป็นขุย","นานๆทีเป็นสิว เช่น มีสิวเฉพาะช่วงมีประจำเดือน, พักผ่อนน้อย",เลือกด้วยตนเอง,เลือกใช้ให้ตรงตามสภาพผิวและปัญหาผิวของตนเอง,เลือกใช้ให้ตรงตามสภาพผิวและปัญหาผิวของตนเอง,ใช้,"Cleansing water, Cleansing oil",Cleansing water,สูตรลดสิว-ผิวแพ้ง่าย,5.0,5.0,5.0,5.0,5.0,5.0,5.0,4.0,5.0,4.0,"เห็นคนใช้จริงรีวิว (Online review, Real users), ผู้เชี่ยวชาญ/หมอผิวหนังแนะนำ (Skin expert/dermatologist), มีไซส์เล็ก/ไซส์ทดลอง/ไซส์พกพา (Mini size), ยี่ห้อเดิมที่ใช้อยู่หมด/หาซื้อไม่ได้ (Current brand is out of stock)","Florelle, Oréline, Bellevia, Dermavie",Florelle
ชาย,23-28 ปี,พนักงานบริษัทเอกชน,"40,000 บาท ขึ้นไป",กทม.,ผิวผสม,"สิวอักเสบ, สิวอุดตัน, ผิวแพ้ง่าย",สิวเล็กน้อย (ส่วนใหญ่เป็นสิวอุดตัน เป็นสิวอักเสบ/หัวหนองไม่เกิน 10เม็ด),เลือกตามเพื่อน,"เลือกใช้ให้ตรงตามสภาพผิวและปัญหาผิวของตนเอง, เลือกใช้สูตรที่เคลมว่าไม่ก่อให้เกิดสิว/ลดสิว, เลือกใช้สูตรที่เคลมว่าอ่อนโยน ผิวแพ้ง่ายใช้ได้","เลือกใช้ให้ตรงตามสภาพผิวและปัญหาผิวของตนเอง, เลือกใช้สูตรที่เคลมว่าไม่ก่อให้เกิดสิว/ลดสิว",ใช้,Cleansing water,Cleansing water,"สูตรลดสิว, สูตรลดสิว-ผิวแพ้ง่าย",5.0,5.0,5.0,4.0,5.0,5.0,5.0,3.0,4.0,3.0,"ราคาถูกกว่า (Cheaper price), เลือกเพราะโปรโมชั่น (Promotion), เห็นจากโฆษณา (Ads), ผู้เชี่ยวชาญ/หมอผิวหนังแนะนำ (Skin expert/dermatologist)",Kiyora,Kiyora
หญิง,18-22 ปี,นักศึกษา,"10,001 - 14,999 บาท",กทม.,ไม่แน่ใจ/ไม่ทราบ,"รูขุมขนกว้าง, ผิวแห้ง/ลอก/เป็นขุย, ผิวมันเยิ้ม, ผิวหมองคล้ำ",ไม่มีสิวเลย,"เลือกด้วยตนเอง, เลือกตามบิวตี้บลอกเกอร์/ผู้ใช้จริงรีวิว ที่มีสภาพผิวคล้ายๆตัวเอง, เลือกตามดารา/พรีเซนเตอร์","เลือกใช้สูตรที่เคลมว่าไม่ก่อให้เกิดสิว/ลดสิว, เลือกใช้สูตรที่เคลมว่าอ่อนโยน ผิวแพ้ง่ายใช้ได้, เลือกใช้สูตรที่ขายดี/สูตรดัง ของแบรนด์นั้นๆ","เลือกใช้สูตรที่เคลมว่าไม่ก่อให้เกิดสิว/ลดสิว, เลือกใช้สูตรที่เคลมว่าอ่อนโยน ผิวแพ้ง่ายใช้ได้, เลือกใช้สูตรที่ขายดี/สูตรดัง ของแบรนด์นั้นๆ",ใช้,"Cleansing water, Cleansing sheet (ทิชชู่แผ่นเช็ดเครื่องสำอาง), Cleansing oil",Cleansing water,สูตรคุมมัน (สำหรับผิวมัน),5.0,5.0,5.0,5.0,5.0,5.0,5.0,5.0,5.0,5.0,"ราคาถูกกว่า (Cheaper price), เลือกเพราะโปรโมชั่น (Promotion), เห็นจากโฆษณา (Ads), เห็นคนใช้จริงรีวิว (Online review, Real users), ผู้เชี่ยวชาญ/หมอผิวหนังแนะนำ (Skin expert/dermatologist)","Florelle, Aomizu, Kireiha",Pondra
หญิง,18-22 ปี,นักศึกษา,"ต่ำกว่า 10,000 บาท",นนทบุรี,ผิวแห้ง,"สิวอักเสบ, สิวอุดตัน, สิวผด, ผิวแพ้ง่าย, รูขุมขนกว้าง, ผิวแห้ง/ลอก/เป็นขุย, ผิวหมองคล้ำ",สิวเล็กน้อย (ส่วนใหญ่เป็นสิวอุดตัน เป็นสิวอักเสบ/หัวหนองไม่เกิน 10เม็ด),เลือกตามเพื่อน,"เลือกใช้ให้ตรงตามสภาพผิวและปัญหาผิวของตนเอง, เลือกใช้สูตรที่เคลมว่าไม่ก่อให้เกิดสิว/ลดสิว, เลือกใช้สูตรที่เคลมว่าอ่อนโยน ผิวแพ้ง่ายใช้ได้, เลือกใช้สูตรที่ขายดี/สูตรดัง ของแบรนด์นั้นๆ","เลือกใช้ให้ตรงตามสภาพผิวและปัญหาผิวของตนเอง, เลือกใช้สูตรที่เคลมว่าไม่ก่อให้เกิดสิว/ลดสิว, เลือกใช้สูตรที่เคลมว่าอ่อนโยน ผิวแพ้ง่ายใช้ได้, เลือกใช้สูตรที่ขายดี/สูตรดัง ของแบรนด์นั้นๆ",ไม่ใช้,,,,,,,,,,,,,,,,
หญิง,18-22 ปี,นักศึกษา,"ต่ำกว่า 10,000 บาท",กทม.,ผิวมัน,"สิวอุดตัน, สิวผด, ผิวแพ้ง่าย, รูขุมขนกว้าง, ผิวมันเยิ้ม",สิวเล็กน้อย (ส่วนใหญ่เป็นสิวอุดตัน เป็นสิวอักเสบ/หัวหนองไม่เกิน 10เม็ด),"เลือกด้วยตนเอง, เลือกตามบิวตี้บลอกเกอร์/ผู้ใช้จริงรีวิว ที่มีสภาพผิวคล้ายๆตัวเอง","เลือกใช้ให้ตรงตามสภาพผิวและปัญหาผิวของตนเอง, เลือกใช้สูตรที่เคลมว่าอ่อนโยน ผิวแพ้ง่ายใช้ได้","เลือกใช้ให้ตรงตามสภาพผิวและปัญหาผิวของตนเอง, เลือกใช้สูตรที่เคลมว่าอ่อนโยน ผิวแพ้ง่ายใช้ได้",ใช้,Cleansing water,Cleansing water,"สูตรผิวแพ้ง่าย, สูตรคุมมัน (สำหรับผิวมัน)",4.0,4.0,5.0,5.0,5.0,4.0,4.0,4.0,4.0,5.0,"ราคาถูกกว่า (Cheaper price), เห็นคนใช้จริงรีวิว (Online review, Real users), ผู้เชี่ยวชาญ/หมอผิวหนังแนะนำ (Skin expert/dermatologist)","Veloura, Kiyora, Kireiha, Pondra, Hydravax",Hydravax
หญิง,18-22 ปี,นักศึกษา,"ต่ำกว่า 10,000 บาท",กทม.,ผิวผสม,"สิวอักเสบ, สิวอุดตัน, รูขุมขนกว้าง","นานๆทีเป็นสิว เช่น มีสิวเฉพาะช่วงมีประจำเดือน, พักผ่อนน้อย","เลือกด้วยตนเอง, เลือกตามเพื่อน, เลือกตามบิวตี้บลอกเกอร์/ผู้ใช้จริงรีวิว ที่มีสภาพผิวคล้ายๆตัวเอง","เลือกใช้ให้ตรงตามสภาพผิวและปัญหาผิวของตนเอง, เลือกใช้สูตรที่เคลมว่าไม่ก่อให้เกิดสิว/ลดสิว","เลือกใช้ให้ตรงตามสภาพผิวและปัญหาผิวของตนเอง, เลือกใช้สูตรที่เคลมว่าอ่อนโยน ผิวแพ้ง่ายใช้ได้",ไม่ใช้,,,,,,,,,,,,,,,,
หญิง,18-22 ปี,นักศึกษา,"ต่ำกว่า 10,000 บาท",กทม.,ผิวธรรมดา,"สิวผด, รูขุมขนกว้าง","นานๆทีเป็นสิว เช่น มีสิวเฉพาะช่วงมีประจำเดือน, พักผ่อนน้อย","เลือกด้วยตนเอง, เลือกตามบิวตี้บลอกเกอร์/ผู้ใช้จริงรีวิว ที่มีสภาพผิวคล้ายๆตัวเอง",เลือกใช้สูตรที่เคลมว่าอ่อนโยน ผิวแพ้ง่ายใช้ได้,เลือกใช้สูตรที่ขายดี/สูตรดัง ของแบรนด์นั้นๆ,ใช้,Cleansing water,Cleansing water,"สูตรผิวแพ้ง่าย, สูตรเพื่อผิวกระจ่างใส, สูตรสำหรับผิวธรรมดา (ไม่มีปัญหาผิว)",4.0,3.0,4.0,4.0,4.0,5.0,4.0,4.0,4.0,4.0,"ราคาถูกกว่า (Cheaper price), เลือกเพราะโปรโมชั่น (Promotion), เห็นจากโฆษณา (Ads), ยี่ห้อเดิมที่ใช้อยู่หมด/หาซื้อไม่ได้ (Current brand is out of stock)","Veloura, Kiyora, Kireiha",Kiyora
หญิง,18-22 ปี,นักศึกษา,"10,001 - 14,999 บาท",กทม.,ผิวผสม,"สิวอุดตัน, ผิวแพ้ง่าย, ผิวหมองคล้ำ","นานๆทีเป็นสิว เช่น มีสิวเฉพาะช่วงมีประจำเดือน, พักผ่อนน้อย",เลือกด้วยตนเอง,"เลือกใช้ให้ตรงตามสภาพผิวและปัญหาผิวของตนเอง, เลือกใช้สูตรที่เคลมว่าอ่อนโยน ผิวแพ้ง่ายใช้ได้",เลือกใช้สูตรที่เคลมว่าอ่อนโยน ผิวแพ้ง่ายใช้ได้,ใช้,"Cleansing water, Cleansing oil",Cleansing water,สูตรผิวแพ้ง่าย,5.0,5.0,5.0,4.0,5.0,3.0,3.0,3.0,5.0,3.0,"ราคาถูกกว่า (Cheaper price), เพื่อนแนะนำ (Friend recommended), เห็นคนใช้จริงรีวิว (Online review, Real users), ผู้เชี่ยวชาญ/หมอผิวหนังแนะนำ (Skin expert/dermatologist)","Veloura, Florelle",Veloura
หญิง,18-22 ปี,นักศึกษา,"ต่ำกว่า 10,000 บาท",นนทบุรี,ผิวมัน,"สิวอักเสบ, สิวอุดตัน, สิวผด, ผิวแพ้ง่าย, รูขุมขนกว้าง, ผิวมันเยิ้ม, ผิวหมองคล้ำ",สิวรุนแรง (มีสิวทุกประเภทร่วมกันเป็นกลุ่มก้อน อักเสบนาน และมีหนองไหล),"เลือกด้วยตนเอง, เลือกตามบิวตี้บลอกเกอร์/ผู้ใช้จริงรีวิว ที่มีสภาพผิวคล้ายๆตัวเอง","เลือกใช้ให้ตรงตามสภาพผิวและปัญหาผิวของตนเอง, เลือกใช้สูตรที่เคลมว่าไม่ก่อให้เกิดสิว/ลดสิว, เลือกใช้สูตรที่เคลมว่าอ่อนโยน ผิวแพ้ง่ายใช้ได้","เลือกใช้ให้ตรงตามสภาพผิวและปัญหาผิวของตนเอง, เลือกใช้สูตรที่เคลมว่าไม่ก่อให้เกิดสิว/ลดสิว, เลือกใช้สูตรที่เคลมว่าอ่อนโยน ผิวแพ้ง่ายใช้ได้",ใช้,Cleansing water,Cleansing water,"สูตรลดสิว, สูตรคุมมัน (สำหรับผิวมัน)",5.0,5.0,5.0,5.0,5.0,5.0,5.0,5.0,5.0,5.0,"เลือกเพราะโปรโมชั่น (Promotion), เห็นคนใช้จริงรีวิว (Online review, Real users), ผู้เชี่ยวชาญ/หมอผิวหนังแนะนำ (Skin expert/dermatologist)","Florelle, DermaCerin, Dermavie, Klinor Lab",Klinor Lab
หญิง,18-22 ปี,นักศึกษา,"ต่ำกว่า 10,000 บาท",กทม.,ผิวธรรมดา,"สิวอักเสบ, สิวอุดตัน, สิวผด, รูขุมขนกว้าง, ผิวแห้ง/ลอก/เป็นขุย, ผิวมันเยิ้ม",สิวปานกลาง (เป็นสิวอักเสบ/หัวหนองมากกว่า10เม็ด),"เลือกด้วยตนเอง, เลือกตามบิวตี้บลอกเกอร์/ผู้ใช้จริงรีวิว ที่มีสภาพผิวคล้ายๆตัวเอง","เลือกใช้ให้ตรงตามสภาพผิวและปัญหาผิวของตนเอง, เลือกใช้สูตรที่เคลมว่าไม่ก่อให้เกิดสิว/ลดสิว","เลือกใช้สูตรที่เคลมว่าไม่ก่อให้เกิดสิว/ลดสิว, เลือกใช้สูตรที่เคลมว่าอ่อนโยน ผิวแพ้ง่ายใช้ได้",ใช้,Cleansing water,Cleansing water,"สูตรลดสิว, สูตรเพื่อผิวกระจ่างใส",4.0,5.0,4.0,5.0,5.0,4.0,4.0,5.0,5.0,5.0,"เลือกเพราะโปรโมชั่น (Promotion), เห็นคนใช้จริงรีวิว (Online review, Real users)",Florelle,Florelle
หญิง,18-22 ปี,นักศึกษา,"10,001 - 14,999 บาท",กทม.,ผิวมัน,"สิวอักเสบ, สิวอุดตัน, สิวผด, ผิวแพ้ง่าย, รูขุมขนกว้าง, ผิวมันเยิ้ม, ผิวหมองคล้ำ, หลุมสิว",สิวเล็กน้อย (ส่วนใหญ่เป็นสิวอุดตัน เป็นสิวอักเสบ/หัวหนองไม่เกิน 10เม็ด),"เลือกด้วยตนเอง, เลือกตามเพื่อน, เลือกตามบิวตี้บลอกเกอร์/ผู้ใช้จริงรีวิว ที่มีสภาพผิวคล้ายๆตัวเอง","เลือกใช้ให้ตรงตามสภาพผิวและปัญหาผิวของตนเอง, เลือกใช้สูตรที่เคลมว่าไม่ก่อให้เกิดสิว/ลดสิว, เลือกใช้สูตรที่เคลมว่าอ่อนโยน ผิวแพ้ง่ายใช้ได้, เลือกใช้สูตรที่ขายดี/สูตรดัง ของแบรนด์นั้นๆ","เลือกใช้ให้ตรงตามสภาพผิวและปัญหาผิวของตนเอง, เลือกใช้สูตรที่เคลมว่าไม่ก่อให้เกิดสิว/ลดสิว, เลือกใช้สูตรที่เคลมว่าอ่อนโยน ผิวแพ้ง่ายใช้ได้, เลือกใช้สูตรที่ขายดี/สูตรดัง ของแบรนด์นั้นๆ",ไม่ใช้,,,,,,,,,,,,,,,,
หญิง,18-22 ปี,นักศึกษา,"10,001 - 14,999 บาท",ปทุมธานี,ผิวผสม,"สิวอักเสบ, สิวอุดตัน, สิวผด","นานๆทีเป็นสิว เช่น มีสิวเฉพาะช่วงมีประจำเดือน, พักผ่อนน้อย",เลือกตามบิวตี้บลอกเกอร์/ผู้ใช้จริงรีวิว ที่มีสภาพผิวคล้ายๆตัวเอง,"เลือกใช้ให้ตรงตามสภาพผิวและปัญหาผิวของตนเอง, เลือกใช้สูตรที่เคลมว่าอ่อนโยน ผิวแพ้ง่ายใช้ได้",เลือกใช้สูตรที่เคลมว่าอ่อนโยน ผิวแพ้ง่ายใช้ได้,ใช้,"Cleansing water, Cleansing oil",Cleansing water,"สูตรผิวแพ้ง่าย, สูตรคุมมัน (สำหรับผิวมัน)",5.0,1.0,5.0,3.0,4.0,5.0,5.0,2.0,5.0,4.0,"เห็นคนใช้จริงรีวิว (Online review, Real users), บิวตี้บลอกเกอร์แนะนำ (Beauty bloggers)",SrinaraกับPrettyRush,Cutepress
หญิง,ต่ำกว่า 18 ปี,นักเรียน,"ต่ำกว่า 10,000 บาท",เชียงใหม่,ไม่แน่ใจ/ไม่ทราบ,ผิวหมองคล้ำ,"นานๆทีเป็นสิว เช่น มีสิวเฉพาะช่วงมีประจำเดือน, พักผ่อนน้อย",เลือกด้วยตนเอง,เลือกใช้ให้ตรงตามสภาพผิวและปัญหาผิวของตนเอง,เลือกใช้ให้ตรงตามสภาพผิวและปัญหาผิวของตนเอง,ใช้,Cleansing water,Cleansing water,สูตรเพื่อผิวกระจ่างใส,4.0,2.0,3.0,5.0,3.0,3.0,3.0,3.0,3.0,3.0,"เห็นจากโฆษณา (Ads), เพื่อนแนะนำ (Friend recommended), มีไซส์เล็ก/ไซส์ทดลอง/ไซส์พกพา (Mini size)",Veloura,Veloura
หญิง,18-22 ปี,นักศึกษา,"ต่ำกว่า 10,000 บาท",กทม.,ผิวผสม,"สิวอักเสบ, สิวอุดตัน, สิวผด, รูขุมขนกว้าง",สิวเล็กน้อย (ส่วนใหญ่เป็นสิวอุดตัน เป็นสิวอักเสบ/หัวหนองไม่เกิน 10เม็ด),"เลือกตามเพื่อน, เลือกตามบิวตี้บลอกเกอร์/ผู้ใช้จริงรีวิว ที่มีสภาพผิวคล้ายๆตัวเอง",เลือกใช้สูตรที่เคลมว่าอ่อนโยน ผิวแพ้ง่ายใช้ได้,"เลือกใช้สูตรที่เคลมว่าอ่อนโยน ผิวแพ้ง่ายใช้ได้, เลือกใช้สูตรที่ขายดี/สูตรดัง ของแบรนด์นั้นๆ",ใช้,Cleansing water,Cleansing water,สูตรผิวแพ้ง่าย,5.0,4.0,5.0,5.0,5.0,5.0,5.0,3.0,5.0,4.0,"เพื่อนแนะนำ (Friend recommended), เห็นคนใช้จริงรีวิว (Online review, Real users), บิวตี้บลอกเกอร์แนะนำ (Beauty bloggers)",Dermavie,Dermavie
หญิง,23-28 ปี,พนักงานบริษัทเอกชน,"30,000 - 34,999 บาท",กทม.,ผิวธรรมดา,ไม่มีปัญหาผิว,"นานๆทีเป็นสิว เช่น มีสิวเฉพาะช่วงมีประจำเดือน, พักผ่อนน้อย",เลือกด้วยตนเอง,เลือกใช้สูตรที่เคลมว่าอ่อนโยน ผิวแพ้ง่ายใช้ได้,เลือกใช้สูตรที่เคลมว่าอ่อนโยน ผิวแพ้ง่ายใช้ได้,ใช้,"Cleansing water, Cleansing sheet (ทิชชู่แผ่นเช็ดเครื่องสำอาง)",Cleansing water,สูตรสำหรับผิวธรรมดา (ไม่มีปัญหาผิว),5.0,3.0,4.0,5.0,5.0,4.0,3.0,2.0,5.0,2.0,"เห็นจากโฆษณา (Ads), เพื่อนแนะนำ (Friend recommended)","Florelle, Kiyora, Kireiha",Florelle
หญิง,18-22 ปี,นักศึกษา,"ต่ำกว่า 10,000 บาท",กทม.,ผิวผสม,"สิวอักเสบ, สิวผด, ผิวแพ้ง่าย, รูขุมขนกว้าง, รอยสิว",สิวเล็กน้อย (ส่วนใหญ่เป็นสิวอุดตัน เป็นสิวอักเสบ/หัวหนองไม่เกิน 10เม็ด),"เลือกด้วยตนเอง, เลือกตามบิวตี้บลอกเกอร์/ผู้ใช้จริงรีวิว ที่มีสภาพผิวคล้ายๆตัวเอง","เลือกใช้ให้ตรงตามสภาพผิวและปัญหาผิวของตนเอง, เลือกใช้สูตรที่เคลมว่าไม่ก่อให้เกิดสิว/ลดสิว, เลือกใช้สูตรที่เคลมว่าอ่อนโยน ผิวแพ้ง่ายใช้ได้","เลือกใช้ให้ตรงตามสภาพผิวและปัญหาผิวของตนเอง, เลือกใช้สูตรที่เคลมว่าไม่ก่อให้เกิดสิว/ลดสิว, เลือกใช้สูตรที่เคลมว่าอ่อนโยน ผิวแพ้ง่ายใช้ได้",ใช้,Cleansing water,Cleansing water,สูตรลดสิว-ผิวแพ้ง่าย,5.0,5.0,5.0,5.0,5.0,3.0,5.0,4.0,5.0,3.0,"เห็นคนใช้จริงรีวิว (Online review, Real users), บิวตี้บลอกเกอร์แนะนำ (Beauty bloggers)","Florelle, Kiyora, Fresh & Free",Fresh & Free
หญิง,18-22 ปี,นักศึกษา,"ต่ำกว่า 10,000 บาท",กทม.,ผิวมัน,"สิวอักเสบ, สิวอุดตัน, สิวผด, ผิวแพ้ง่าย, รูขุมขนกว้าง, ผิวมันเยิ้ม",สิวเล็กน้อย (ส่วนใหญ่เป็นสิวอุดตัน เป็นสิวอักเสบ/หัวหนองไม่เกิน 10เม็ด),เลือกด้วยตนเอง,เลือกใช้ให้ตรงตามสภาพผิวและปัญหาผิวของตนเอง,"เลือกใช้ให้ตรงตามสภาพผิวและปัญหาผิวของตนเอง, เลือกใช้สูตรที่เคลมว่าไม่ก่อให้เกิดสิว/ลดสิว, เลือกใช้สูตรที่เคลมว่าอ่อนโยน ผิวแพ้ง่ายใช้ได้",ใช้,Cleansing water,Cleansing water,"สูตรลดสิว-ผิวแพ้ง่าย, สูตรคุมมัน (สำหรับผิวมัน)",4.0,5.0,5.0,5.0,5.0,5.0,5.0,4.0,4.0,5.0,"เลือกเพราะโปรโมชั่น (Promotion), เห็นจากโฆษณา (Ads)",Herbanery,Herbanery
หญิง,18-22 ปี,นักศึกษา,"10,001 - 14,999 บาท",กทม.,ผิวมัน,"สิวอักเสบ, รูขุมขนกว้าง, ผิวมันเยิ้ม",สิวเล็กน้อย (ส่วนใหญ่เป็นสิวอุดตัน เป็นสิวอักเสบ/หัวหนองไม่เกิน 10เม็ด),"เลือกด้วยตนเอง, ปรึกษาหมอผิวหนัง","เลือกใช้ให้ตรงตามสภาพผิวและปัญหาผิวของตนเอง, เลือกใช้สูตรที่ขายดี/สูตรดัง ของแบรนด์นั้นๆ",เลือกใช้ให้ตรงตามสภาพผิวและปัญหาผิวของตนเอง,ไม่ใช้,,,,,,,,,,,,,,,,
หญิง,18-22 ปี,นักศึกษา,"ต่ำกว่า 10,000 บาท",กทม.,ไม่แน่ใจ/ไม่ทราบ,"สิวอักเสบ, สิวอุดตัน, สิวผด, รูขุมขนกว้าง, ผิวแห้ง/ลอก/เป็นขุย, ผิวมันเยิ้ม",สิวเล็กน้อย (ส่วนใหญ่เป็นสิวอุดตัน เป็นสิวอักเสบ/หัวหนองไม่เกิน 10เม็ด),เลือกด้วยตนเอง,เลือกใช้ให้ตรงตามสภาพผิวและปัญหาผิวของตนเอง,เลือกใช้ให้ตรงตามสภาพผิวและปัญหาผิวของตนเอง,ไม่ใช้,,,,,,,,,,,,,,,,
หญิง,18-22 ปี,นักศึกษา,"15,000 - 19,999 บาท",กทม.,ผิวแห้ง,"สิวผด, ผิวแห้ง/ลอก/เป็นขุย, ผิวหมองคล้ำ","นานๆทีเป็นสิว เช่น มีสิวเฉพาะช่วงมีประจำเดือน, พักผ่อนน้อย","เลือกด้วยตนเอง, เลือกตามบิวตี้บลอกเกอร์/ผู้ใช้จริงรีวิว ที่มีสภาพผิวคล้ายๆตัวเอง","เลือกใช้ให้ตรงตามสภาพผิวและปัญหาผิวของตนเอง, เลือกใช้สูตรที่เคลมว่าไม่ก่อให้เกิดสิว/ลดสิว, เลือกใช้สูตรที่เคลมว่าอ่อนโยน ผิวแพ้ง่ายใช้ได้, เลือกใช้สูตรที่ขายดี/สูตรดัง ของแบรนด์นั้นๆ",เลือกใช้สูตรที่ขายดี/สูตรดัง ของแบรนด์นั้นๆ,ใช้,"Cleansing water, Cleansing oil",Cleansing oil,"สูตรชุ่มชื้น (สำหรับผิวแห้ง), สูตรเพื่อผิวกระจ่างใส",5.0,4.0,4.0,4.0,5.0,5.0,4.0,5.0,5.0,2.0,"เลือกเพราะโปรโมชั่น (Promotion), เห็นคนใช้จริงรีวิว (Online review, Real users), บิวตี้บลอกเกอร์แนะนำ (Beauty bloggers), ผู้เชี่ยวชาญ/หมอผิวหนังแนะนำ (Skin expert/dermatologist)","Dermavie, Theria",Theria
หญิง,18-22 ปี,นักศึกษา,"10,001 - 14,999 บาท",กทม.,ผิวมัน,"สิวอักเสบ, สิวอุดตัน, สิวผด, รูขุมขนกว้าง, ผิวมันเยิ้ม",สิวปานกลาง (เป็นสิวอักเสบ/หัวหนองมากกว่า10เม็ด),"เลือกด้วยตนเอง, เลือกตามเพื่อน, เลือกตามบิวตี้บลอกเกอร์/ผู้ใช้จริงรีวิว ที่มีสภาพผิวคล้ายๆตัวเอง","เลือกใช้ให้ตรงตามสภาพผิวและปัญหาผิวของตนเอง, เลือกใช้สูตรที่เคลมว่าไม่ก่อให้เกิดสิว/ลดสิว","เลือกใช้ให้ตรงตามสภาพผิวและปัญหาผิวของตนเอง, เลือกใช้สูตรที่เคลมว่าไม่ก่อให้เกิดสิว/ลดสิว",ใช้,Cleansing water,Cleansing water,"สูตรลดสิว, สูตรลดสิว-ผิวแพ้ง่าย",5.0,5.0,5.0,4.0,5.0,4.0,4.0,3.0,5.0,4.0,"เลือกเพราะโปรโมชั่น (Promotion), เพื่อนแนะนำ (Friend recommended), เห็นคนใช้จริงรีวิว (Online review, Real users), บิวตี้บลอกเกอร์แนะนำ (Beauty bloggers), ผู้เชี่ยวชาญ/หมอผิวหนังแนะนำ (Skin expert/dermatologist), ยี่ห้อเดิมที่ใช้อยู่หมด/หาซื้อไม่ได้ (Current brand is out of stock)","Veloura, Florelle, Kiyora, Aomizu, Kireiha, Silk Elexir, DermaCerin",Veloura
หญิง,35 ปี ขึ้นไป,ข้าราชการ,"40,000 บาท ขึ้นไป",นครปฐม,ผิวธรรมดา,ผิวแห้ง/ลอก/เป็นขุย,ไม่มีสิวเลย,"เลือกด้วยตนเอง, เลือกตามเพื่อน, เลือกตามบิวตี้บลอกเกอร์/ผู้ใช้จริงรีวิว ที่มีสภาพผิวคล้ายๆตัวเอง","เลือกใช้ให้ตรงตามสภาพผิวและปัญหาผิวของตนเอง, เลือกใช้สูตรที่เคลมว่าไม่ก่อให้เกิดสิว/ลดสิว, เลือกใช้สูตรที่เคลมว่าอ่อนโยน ผิวแพ้ง่ายใช้ได้","เลือกใช้ให้ตรงตามสภาพผิวและปัญหาผิวของตนเอง, เลือกใช้สูตรที่เคลมว่าอ่อนโยน ผิวแพ้ง่ายใช้ได้",ใช้,Cleansing water,Cleansing water,สูตรชุ่มชื้น (สำหรับผิวแห้ง),5.0,4.0,5.0,5.0,5.0,5.0,4.0,5.0,5.0,5.0,"บิวตี้บลอกเกอร์แนะนำ (Beauty bloggers), มีไซส์เล็ก/ไซส์ทดลอง/ไซส์พกพา (Mini size), ยี่ห้อเดิมที่ใช้อยู่หมด/หาซื้อไม่ได้ (Current brand is out of stock)","Florelle, Kiyora",Florelle
หญิง,18-22 ปี,นักศึกษา,"ต่ำกว่า 10,000 บาท",กทม.,ผิวผสม,"รูขุมขนกว้าง, ผิวแห้ง/ลอก/เป็นขุย, ผิวมันเยิ้ม, ผิวหมองคล้ำ","นานๆทีเป็นสิว เช่น มีสิวเฉพาะช่วงมีประจำเดือน, พักผ่อนน้อย","เลือกด้วยตนเอง, เลือกตามเพื่อน, เลือกตามบิวตี้บลอกเกอร์/ผู้ใช้จริงรีวิว ที่มีสภาพผิวคล้ายๆตัวเอง","เลือกใช้ให้ตรงตามสภาพผิวและปัญหาผิวของตนเอง, เลือกใช้สูตรที่ขายดี/สูตรดัง ของแบรนด์นั้นๆ",เลือกใช้ให้ตรงตามสภาพผิวและปัญหาผิวของตนเอง,ใช้,"Cleansing water, Cleansing oil",Cleansing water,สูตรสำหรับผิวธรรมดา (ไม่มีปัญหาผิว),5.0,4.0,3.0,4.0,5.0,5.0,5.0,4.0,4.0,4.0,"ราคาถูกกว่า (Cheaper price), เลือกเพราะโปรโมชั่น (Promotion), เห็นจากโฆษณา (Ads), เพื่อนแนะนำ (Friend recommended)",Florelle,Florelle
หญิง,18-22 ปี,นักศึกษา,"ต่ำกว่า 10,000 บาท",กทม.,ผิวผสม,"สิวอุดตัน, สิวผด, ผิวมันเยิ้ม",สิวเล็กน้อย (ส่วนใหญ่เป็นสิวอุดตัน เป็นสิวอักเสบ/หัวหนองไม่เกิน 10เม็ด),"เลือกด้วยตนเอง, ปรึกษาหมอผิวหนัง, เลือกตามบิวตี้บลอกเกอร์/ผู้ใช้จริงรีวิว ที่มีสภาพผิวคล้ายๆตัวเอง","เลือกใช้ให้ตรงตามสภาพผิวและปัญหาผิวของตนเอง, เลือกใช้สูตรที่เคลมว่าไม่ก่อให้เกิดสิว/ลดสิว, เลือกใช้สูตรที่เคลมว่าอ่อนโยน ผิวแพ้ง่ายใช้ได้, เลือกใช้สูตรที่ขายดี/สูตรดัง ของแบรนด์นั้นๆ","เลือกใช้ให้ตรงตามสภาพผิวและปัญหาผิวของตนเอง, เลือกใช้สูตรที่เคลมว่าไม่ก่อให้เกิดสิว/ลดสิว",ไม่ใช้,,,,,,,,,,,,,,,,
หญิง,18-22 ปี,นักศึกษา,"ต่ำกว่า 10,000 บาท",กทม.,ผิวแห้ง,ผิวแพ้ง่าย,"นานๆทีเป็นสิว เช่น มีสิวเฉพาะช่วงมีประจำเดือน, พักผ่อนน้อย","เลือกตามเพื่อน, เลือกตามดารา/พรีเซนเตอร์",เลือกใช้สูตรที่เคลมว่าอ่อนโยน ผิวแพ้ง่ายใช้ได้,เลือกใช้สูตรที่เคลมว่าอ่อนโยน ผิวแพ้ง่ายใช้ได้,ใช้,"Cleansing water, Cleansing sheet (ทิชชู่แผ่นเช็ดเครื่องสำอาง), Cleansing oil",Cleansing water,สูตรผิวแพ้ง่าย,4.0,4.0,5.0,5.0,5.0,4.0,4.0,3.0,5.0,3.0,"เพื่อนแนะนำ (Friend recommended), ไม่เคยเปลี่ยนแบรนด์เลย (No switching)","Florelle, Kireiha, Greenoria Isle",Greenoria Isle
หญิง,18-22 ปี,นักศึกษา,"ต่ำกว่า 10,000 บาท",ตรัง,ไม่แน่ใจ/ไม่ทราบ,"สิวอุดตัน, ผิวแพ้ง่าย, รูขุมขนกว้าง, ผิวหมองคล้ำ",สิวเล็กน้อย (ส่วนใหญ่เป็นสิวอุดตัน เป็นสิวอักเสบ/หัวหนองไม่เกิน 10เม็ด),เลือกด้วยตนเอง,"เลือกใช้ให้ตรงตามสภาพผิวและปัญหาผิวของตนเอง, เลือกใช้สูตรที่เคลมว่าอ่อนโยน ผิวแพ้ง่ายใช้ได้",เลือกใช้สูตรที่เคลมว่าอ่อนโยน ผิวแพ้ง่ายใช้ได้,ไม่ใช้,,,,,,,,,,,,,,,,
หญิง,23-28 ปี,ธุรกิจส่วนตัว,"40,000 บาท ขึ้นไป",สมุทรปราการ,ผิวแห้ง,"สิวอุดตัน, ผิวแห้ง/ลอก/เป็นขุย","นานๆทีเป็นสิว เช่น มีสิวเฉพาะช่วงมีประจำเดือน, พักผ่อนน้อย",เลือกตามบิวตี้บลอกเกอร์/ผู้ใช้จริงรีวิว ที่มีสภาพผิวคล้ายๆตัวเอง,เลือกใช้ให้ตรงตามสภาพผิวและปัญหาผิวของตนเอง,เลือกใช้ให้ตรงตามสภาพผิวและปัญหาผิวของตนเอง,ใช้,"Cleansing water, Cleansing oil, Cleansing balm",Cleansing balm,"สูตรลดสิว-ผิวแพ้ง่าย, สูตรชุ่มชื้น (สำหรับผิวแห้ง)",5.0,5.0,5.0,3.0,5.0,5.0,5.0,5.0,5.0,5.0,"เลือกเพราะโปรโมชั่น (Promotion), เพื่อนแนะนำ (Friend recommended), เห็นคนใช้จริงรีวิว (Online review, Real users), บิวตี้บลอกเกอร์แนะนำ (Beauty bloggers)",Aomizu,Aomizu
หญิง,23-28 ปี,พนักงานบริษัทเอกชน,"40,000 บาท ขึ้นไป",กทม.,ผิวขาดน้ำ,"สิวอักเสบ, สิวอุดตัน, สิวผด, ผิวแพ้ง่าย, รูขุมขนกว้าง, ผิวแห้ง/ลอก/เป็นขุย, ผิวมันเยิ้ม, ผิวหมองคล้ำ",สิวเล็กน้อย (ส่วนใหญ่เป็นสิวอุดตัน เป็นสิวอักเสบ/หัวหนองไม่เกิน 10เม็ด),"เลือกด้วยตนเอง, ปรึกษาหมอผิวหนัง, เลือกตามบิวตี้บลอกเกอร์/ผู้ใช้จริงรีวิว ที่มีสภาพผิวคล้ายๆตัวเอง","เลือกใช้ให้ตรงตามสภาพผิวและปัญหาผิวของตนเอง, เลือกใช้สูตรที่เคลมว่าอ่อนโยน ผิวแพ้ง่ายใช้ได้","เลือกใช้ให้ตรงตามสภาพผิวและปัญหาผิวของตนเอง, เลือกใช้สูตรที่เคลมว่าไม่ก่อให้เกิดสิว/ลดสิว, เลือกใช้สูตรที่เคลมว่าอ่อนโยน ผิวแพ้ง่ายใช้ได้, เลือกใช้สูตรที่ขายดี/สูตรดัง ของแบรนด์นั้นๆ",ใช้,"Cleansing water, Cleansing milk, Cleansing balm",Cleansing balm,"สูตรลดสิว-ผิวแพ้ง่าย, สูตรผิวแพ้ง่าย",5.0,5.0,5.0,5.0,5.0,4.0,5.0,2.0,4.0,1.0,"เลือกเพราะโปรโมชั่น (Promotion), เพื่อนแนะนำ (Friend recommended), เห็นคนใช้จริงรีวิว (Online review, Real users), บิวตี้บลอกเกอร์แนะนำ (Beauty bloggers), ผู้เชี่ยวชาญ/หมอผิวหนังแนะนำ (Skin expert/dermatologist), มีไซส์เล็ก/ไซส์ทดลอง/ไซส์พกพา (Mini size), ยี่ห้อเดิมที่ใช้อยู่หมด/หาซื้อไม่ได้ (Current brand is out of stock)",Florelle,Florelle
หญิง,23-28 ปี,พนักงานบริษัทเอกชน,"40,000 บาท ขึ้นไป",สมุทรปราการ,ผิวมัน,"สิวอักเสบ, สิวอุดตัน, สิวผด, ผิวแพ้ง่าย",สิวรุนแรง (มีสิวทุกประเภทร่วมกันเป็นกลุ่มก้อน อักเสบนาน และมีหนองไหล),"เลือกตามเพื่อน, ปรึกษาหมอผิวหนัง, เลือกตามบิวตี้บลอกเกอร์/ผู้ใช้จริงรีวิว ที่มีสภาพผิวคล้ายๆตัวเอง","เลือกใช้ให้ตรงตามสภาพผิวและปัญหาผิวของตนเอง, เลือกใช้สูตรที่เคลมว่าไม่ก่อให้เกิดสิว/ลดสิว","เลือกใช้สูตรที่เคลมว่าอ่อนโยน ผิวแพ้ง่ายใช้ได้, เลือกใช้สูตรที่ขายดี/สูตรดัง ของแบรนด์นั้นๆ",ใช้,"Cleansing water, Cleansing oil, Cleansing balm",Cleansing water,สูตรผิวแพ้ง่าย,5.0,3.0,5.0,5.0,4.0,4.0,4.0,3.0,3.0,3.0,"เพื่อนแนะนำ (Friend recommended), บิวตี้บลอกเกอร์แนะนำ (Beauty bloggers), ผู้เชี่ยวชาญ/หมอผิวหนังแนะนำ (Skin expert/dermatologist)",Dermavie,Dermavie
หญิง,18-22 ปี,นักศึกษา,"ต่ำกว่า 10,000 บาท",นครปฐม,ผิวธรรมดา,"ผิวแพ้ง่าย, ผิวแห้ง/ลอก/เป็นขุย","นานๆทีเป็นสิว เช่น มีสิวเฉพาะช่วงมีประจำเดือน, พักผ่อนน้อย","เลือกด้วยตนเอง, เลือกตามบิวตี้บลอกเกอร์/ผู้ใช้จริงรีวิว ที่มีสภาพผิวคล้ายๆตัวเอง",เลือกใช้ให้ตรงตามสภาพผิวและปัญหาผิวของตนเอง,เลือกใช้ให้ตรงตามสภาพผิวและปัญหาผิวของตนเอง,ไม่ใช้,,,,,,,,,,,,,,,,
หญิง,23-28 ปี,พนักงานบริษัทเอกชน,"40,000 บาท ขึ้นไป",ระยอง,ผิวผสม,"สิวอุดตัน, รูขุมขนกว้าง, ผิวหมองคล้ำ",สิวเล็กน้อย (ส่วนใหญ่เป็นสิวอุดตัน เป็นสิวอักเสบ/หัวหนองไม่เกิน 10เม็ด),เลือกตามบิวตี้บลอกเกอร์/ผู้ใช้จริงรีวิว ที่มีสภาพผิวคล้ายๆตัวเอง,เลือกใช้สูตรที่เคลมว่าไม่ก่อให้เกิดสิว/ลดสิว,เลือกใช้สูตรที่เคลมว่าไม่ก่อให้เกิดสิว/ลดสิว,ไม่ใช้,,,,,,,,,,,,,,,,
หญิง,35 ปี ขึ้นไป,พนักงานบริษัทเอกชน,"40,000 บาท ขึ้นไป",นครปฐม,ผิวธรรมดา,"สิวอักเสบ, สิวอุดตัน","นานๆทีเป็นสิว เช่น มีสิวเฉพาะช่วงมีประจำเดือน, พักผ่อนน้อย",เลือกด้วยตนเอง,"เลือกใช้ให้ตรงตามสภาพผิวและปัญหาผิวของตนเอง, เลือกใช้สูตรที่ขายดี/สูตรดัง ของแบรนด์นั้นๆ",เลือกใช้ให้ตรงตามสภาพผิวและปัญหาผิวของตนเอง,ไม่ใช้,,,,,,,,,,,,,,,,
หญิง,35 ปี ขึ้นไป,เกษตรกร,"ต่ำกว่า 10,000 บาท",พะเยา,ผิวมัน,"สิวอักเสบ, สิวอุดตัน, รูขุมขนกว้าง, ผิวมันเยิ้ม, ผิวหมองคล้ำ","นานๆทีเป็นสิว เช่น มีสิวเฉพาะช่วงมีประจำเดือน, พักผ่อนน้อย",เลือกด้วยตนเอง,"เลือกใช้ให้ตรงตามสภาพผิวและปัญหาผิวของตนเอง, เลือกใช้สูตรที่เคลมว่าไม่ก่อให้เกิดสิว/ลดสิว","เลือกใช้ให้ตรงตามสภาพผิวและปัญหาผิวของตนเอง, เลือกใช้สูตรที่เคลมว่าไม่ก่อให้เกิดสิว/ลดสิว, เลือกใช้สูตรที่เคลมว่าอ่อนโยน ผิวแพ้ง่ายใช้ได้",ไม่ใช้,,,,,,,,,,,,,,,,
หญิง,35 ปี ขึ้นไป,ข้าราชการ,"40,000 บาท ขึ้นไป",ปทุมธานี,ผิวแห้ง,"รูขุมขนกว้าง, ฝ้า กระ",สิวเล็กน้อย (ส่วนใหญ่เป็นสิวอุดตัน เป็นสิวอักเสบ/หัวหนองไม่เกิน 10เม็ด),"เลือกด้วยตนเอง, เลือกตามดารา/พรีเซนเตอร์","เลือกใช้ให้ตรงตามสภาพผิวและปัญหาผิวของตนเอง, เลือกใช้สูตรที่เคลมว่าอ่อนโยน ผิวแพ้ง่ายใช้ได้","เลือกใช้ให้ตรงตามสภาพผิวและปัญหาผิวของตนเอง, เลือกใช้สูตรที่เคลมว่าอ่อนโยน ผิวแพ้ง่ายใช้ได้",ใช้,"Cleansing water, Cleansing milk",Cleansing milk,สูตรสำหรับผิวธรรมดา (ไม่มีปัญหาผิว),5.0,5.0,4.0,4.0,4.0,5.0,5.0,4.0,4.0,4.0,เลือกเพราะโปรโมชั่น (Promotion),"Oréline, Hydravax",Oréline
ชาย,35 ปี ขึ้นไป,ธุรกิจส่วนตัว,"40,000 บาท ขึ้นไป",นครปฐม,ผิวธรรมดา,ไม่มีปัญหาผิว,ไม่มีสิวเลย,เลือกด้วยตนเอง,"เลือกใช้ให้ตรงตามสภาพผิวและปัญหาผิวของตนเอง, เลือกใช้สูตรที่เคลมว่าอ่อนโยน ผิวแพ้ง่ายใช้ได้",เลือกใช้ให้ตรงตามสภาพผิวและปัญหาผิวของตนเอง,ไม่ใช้,,,,,,,,,,,,,,,,
หญิง,29-34 ปี,พนักงานบริษัทเอกชน,"40,000 บาท ขึ้นไป",กทม.,ผิวขาดน้ำ,รูขุมขนกว้าง,"นานๆทีเป็นสิว เช่น มีสิวเฉพาะช่วงมีประจำเดือน, พักผ่อนน้อย","เลือกด้วยตนเอง, ปรึกษาหมอผิวหนัง, เลือกตามบิวตี้บลอกเกอร์/ผู้ใช้จริงรีวิว ที่มีสภาพผิวคล้ายๆตัวเอง","เลือกใช้ให้ตรงตามสภาพผิวและปัญหาผิวของตนเอง, เลือกใช้สูตรที่เคลมว่าอ่อนโยน ผิวแพ้ง่ายใช้ได้, เลือกใช้สูตรที่ขายดี/สูตรดัง ของแบรนด์นั้นๆ","เลือกใช้ให้ตรงตามสภาพผิวและปัญหาผิวของตนเอง, เลือกใช้สูตรที่เคลมว่าอ่อนโยน ผิวแพ้ง่ายใช้ได้, เลือกใช้สูตรที่ขายดี/สูตรดัง ของแบรนด์นั้นๆ",ใช้,Cleansing water,Cleansing water,"สูตรคุมมัน (สำหรับผิวมัน), สูตรชุ่มชื้น (สำหรับผิวแห้ง)",5.0,3.0,5.0,5.0,5.0,4.0,4.0,4.0,5.0,5.0,"เลือกเพราะโปรโมชั่น (Promotion), เห็นจากโฆษณา (Ads), เห็นคนใช้จริงรีวิว (Online review, Real users), บิวตี้บลอกเกอร์แนะนำ (Beauty bloggers), ผู้เชี่ยวชาญ/หมอผิวหนังแนะนำ (Skin expert/dermatologist), ยี่ห้อเดิมที่ใช้อยู่หมด/หาซื้อไม่ได้ (Current brand is out of stock)","Veloura, Kiyora, Dermavie",Veloura
หญิง,23-28 ปี,ลูกจ้างประจำ,"ต่ำกว่า 10,000 บาท",เชียงใหม่,ผิวผสม,"สิวผด, รูขุมขนกว้าง, ผิวแห้ง/ลอก/เป็นขุย, ผิวหมองคล้ำ",สิวเล็กน้อย (ส่วนใหญ่เป็นสิวอุดตัน เป็นสิวอักเสบ/หัวหนองไม่เกิน 10เม็ด),"เลือกด้วยตนเอง, เลือกตามเพื่อน, เลือกตามบิวตี้บลอกเกอร์/ผู้ใช้จริงรีวิว ที่มีสภาพผิวคล้ายๆตัวเอง",เลือกใช้ให้ตรงตามสภาพผิวและปัญหาผิวของตนเอง,เลือกใช้ให้ตรงตามสภาพผิวและปัญหาผิวของตนเอง,ใช้,Cleansing water,Cleansing water,"สูตรผิวแพ้ง่าย, สูตรคุมมัน (สำหรับผิวมัน)",5.0,5.0,5.0,4.0,5.0,5.0,4.0,5.0,5.0,5.0,"เห็นคนใช้จริงรีวิว (Online review, Real users), ผู้เชี่ยวชาญ/หมอผิวหนังแนะนำ (Skin expert/dermatologist), สินค้าออกใหม่/สูตรใหม่ (New product/New formula)",Kiyora,Kiyora
หญิง,35 ปี ขึ้นไป,ข้าราชการ,"40,000 บาท ขึ้นไป",กทม,ผิวผสม,"รูขุมขนกว้าง, ผิวแห้ง/ลอก/เป็นขุย","นานๆทีเป็นสิว เช่น มีสิวเฉพาะช่วงมีประจำเดือน, พักผ่อนน้อย",เลือกด้วยตนเอง,เลือกใช้ให้ตรงตามสภาพผิวและปัญหาผิวของตนเอง,เลือกใช้ให้ตรงตามสภาพผิวและปัญหาผิวของตนเอง,ใช้,"Cleansing water, Cleansing oil",Cleansing water,สูตรชุ่มชื้น (สำหรับผิวแห้ง),5.0,3.0,5.0,5.0,5.0,5.0,5.0,5.0,5.0,5.0,"เลือกเพราะโปรโมชั่น (Promotion), มีไซส์เล็ก/ไซส์ทดลอง/ไซส์พกพา (Mini size)","DermaCerin, Beauty Blossom",Beauty Blossom
หญิง,35 ปี ขึ้นไป,แม่บ้าน,"40,000 บาท ขึ้นไป",นครปฐม,ผิวขาดน้ำ,ผิวหมองคล้ำ,ไม่มีสิวเลย,"เลือกด้วยตนเอง, เลือกตามเพื่อน",เลือกใช้สูตรที่ขายดี/สูตรดัง ของแบรนด์นั้นๆ,เลือกใช้สูตรที่ขายดี/สูตรดัง ของแบรนด์นั้นๆ,ไม่ใช้,,,,,,,,,,,,,,,,
หญิง,23-28 ปี,พนักงานบริษัทเอกชน,"25,000 - 29,999 บาท",กทม.,ผิวแห้ง,"สิวอุดตัน, สิวผด, ผิวแพ้ง่าย, รูขุมขนกว้าง, ผิวแห้ง/ลอก/เป็นขุย, ผิวหมองคล้ำ",สิวเล็กน้อย (ส่วนใหญ่เป็นสิวอุดตัน เป็นสิวอักเสบ/หัวหนองไม่เกิน 10เม็ด),"เลือกด้วยตนเอง, เลือกตามบิวตี้บลอกเกอร์/ผู้ใช้จริงรีวิว ที่มีสภาพผิวคล้ายๆตัวเอง","เลือกใช้ให้ตรงตามสภาพผิวและปัญหาผิวของตนเอง, เลือกใช้สูตรที่เคลมว่าไม่ก่อให้เกิดสิว/ลดสิว, เลือกใช้สูตรที่เคลมว่าอ่อนโยน ผิวแพ้ง่ายใช้ได้","เลือกใช้ให้ตรงตามสภาพผิวและปัญหาผิวของตนเอง, เลือกใช้สูตรที่เคลมว่าไม่ก่อให้เกิดสิว/ลดสิว, เลือกใช้สูตรที่เคลมว่าอ่อนโยน ผิวแพ้ง่ายใช้ได้",ใช้,"Cleansing water, Cleansing balm",Cleansing balm,"สูตรลดสิว-ผิวแพ้ง่าย, สูตรชุ่มชื้น (สำหรับผิวแห้ง), สูตรเพื่อผิวกระจ่างใส",5.0,5.0,5.0,4.0,4.0,5.0,5.0,5.0,5.0,4.0,"เห็นจากโฆษณา (Ads), เห็นคนใช้จริงรีวิว (Online review, Real users), บิวตี้บลอกเกอร์แนะนำ (Beauty bloggers), ผู้เชี่ยวชาญ/หมอผิวหนังแนะนำ (Skin expert/dermatologist)","Florelle, Lunira Co.",Florelle
หญิง,23-28 ปี,พนักงานบริษัทเอกชน,"25,000 - 29,999 บาท",กทม,ผิวผสม,"สิวผด, รูขุมขนกว้าง, ผิวหมองคล้ำ","นานๆทีเป็นสิว เช่น มีสิวเฉพาะช่วงมีประจำเดือน, พักผ่อนน้อย","เลือกด้วยตนเอง, เลือกตามบิวตี้บลอกเกอร์/ผู้ใช้จริงรีวิว ที่มีสภาพผิวคล้ายๆตัวเอง",เลือกใช้ให้ตรงตามสภาพผิวและปัญหาผิวของตนเอง,เลือกใช้ให้ตรงตามสภาพผิวและปัญหาผิวของตนเอง,ใช้,"Cleansing water, Cleansing oil",Cleansing water,สูตรคุมมัน (สำหรับผิวมัน),5.0,5.0,4.0,4.0,5.0,4.0,4.0,5.0,5.0,5.0,"เลือกเพราะโปรโมชั่น (Promotion), สินค้าออกใหม่/สูตรใหม่ (New product/New formula)","Veloura, Kiyora, Kireiha",Kireiha
หญิง,35 ปี ขึ้นไป,พนักงานบริษัทเอกชน,"40,000 บาท ขึ้นไป",นครปฐม,ผิวผสม,"สิวอุดตัน, ผิวแพ้ง่าย, ผิวแห้ง/ลอก/เป็นขุย","นานๆทีเป็นสิว เช่น มีสิวเฉพาะช่วงมีประจำเดือน, พักผ่อนน้อย","เลือกด้วยตนเอง, เลือกตามเพื่อน, เลือกตามบิวตี้บลอกเกอร์/ผู้ใช้จริงรีวิว ที่มีสภาพผิวคล้ายๆตัวเอง","เลือกใช้สูตรที่เคลมว่าไม่ก่อให้เกิดสิว/ลดสิว, เลือกใช้สูตรที่เคลมว่าอ่อนโยน ผิวแพ้ง่ายใช้ได้",เลือกใช้สูตรที่เคลมว่าไม่ก่อให้เกิดสิว/ลดสิว,ไม่ใช้,,,,,,,,,,,,,,,,
หญิง,23-28 ปี,พนักงานบริษัทเอกชน,"20,000 - 24,999 บาท",กทม.,ผิวผสม,"สิวอุดตัน, รูขุมขนกว้าง, ผิวหมองคล้ำ","นานๆทีเป็นสิว เช่น มีสิวเฉพาะช่วงมีประจำเดือน, พักผ่อนน้อย","เลือกด้วยตนเอง, เลือกตามเพื่อน, เลือกตามบิวตี้บลอกเกอร์/ผู้ใช้จริงรีวิว ที่มีสภาพผิวคล้ายๆตัวเอง","เลือกใช้สูตรที่เคลมว่าอ่อนโยน ผิวแพ้ง่ายใช้ได้, เลือกใช้สูตรที่ขายดี/สูตรดัง ของแบรนด์นั้นๆ","เลือกใช้สูตรที่เคลมว่าอ่อนโยน ผิวแพ้ง่ายใช้ได้, เลือกใช้สูตรที่ขายดี/สูตรดัง ของแบรนด์นั้นๆ",ใช้,"Cleansing water, Cleansing oil",Cleansing water,สูตรคุมมัน (สำหรับผิวมัน),5.0,5.0,5.0,5.0,4.0,5.0,4.0,4.0,5.0,5.0,"ราคาถูกกว่า (Cheaper price), เลือกเพราะโปรโมชั่น (Promotion)","Florelle, Kiyora, Kireiha, Eastern Belle, Dermavie",Eastern Belle
หญิง,35 ปี ขึ้นไป,พนักงานบริษัทเอกชน,"25,000 - 29,999 บาท",นครปฐม,ผิวผสม,"รูขุมขนกว้าง, ผิวหมองคล้ำ","นานๆทีเป็นสิว เช่น มีสิวเฉพาะช่วงมีประจำเดือน, พักผ่อนน้อย","เลือกด้วยตนเอง, เลือกตามบิวตี้บลอกเกอร์/ผู้ใช้จริงรีวิว ที่มีสภาพผิวคล้ายๆตัวเอง",เลือกใช้ให้ตรงตามสภาพผิวและปัญหาผิวของตนเอง,เลือกใช้ให้ตรงตามสภาพผิวและปัญหาผิวของตนเอง,ไม่ใช้,,,,,,,,,,,,,,,,
หญิง,23-28 ปี,นักศึกษา,"10,001 - 14,999 บาท",นนทบุรี,ผิวผสม,"สิวอุดตัน, สิวเสี้ยน","นานๆทีเป็นสิว เช่น มีสิวเฉพาะช่วงมีประจำเดือน, พักผ่อนน้อย","เลือกด้วยตนเอง, เลือกตามบิวตี้บลอกเกอร์/ผู้ใช้จริงรีวิว ที่มีสภาพผิวคล้ายๆตัวเอง",เลือกใช้ให้ตรงตามสภาพผิวและปัญหาผิวของตนเอง,"เลือกใช้ให้ตรงตามสภาพผิวและปัญหาผิวของตนเอง, เลือกใช้สูตรที่เคลมว่าอ่อนโยน ผิวแพ้ง่ายใช้ได้",ใช้,Cleansing water,Cleansing water,สูตรสำหรับผิวธรรมดา (ไม่มีปัญหาผิว),5.0,4.0,5.0,5.0,5.0,5.0,5.0,5.0,5.0,3.0,"เห็นคนใช้จริงรีวิว (Online review, Real users)",Glow in Skin,Glow in Skin
ชาย,35 ปี ขึ้นไป,พนักงานมหาวิทยาลัย,"40,000 บาท ขึ้นไป",นครปฐม,ผิวผสม,ผิวมันเยิ้ม,"นานๆทีเป็นสิว เช่น มีสิวเฉพาะช่วงมีประจำเดือน, พักผ่อนน้อย","เลือกด้วยตนเอง, เลือกตามบิวตี้บลอกเกอร์/ผู้ใช้จริงรีวิว ที่มีสภาพผิวคล้ายๆตัวเอง",เลือกใช้ให้ตรงตามสภาพผิวและปัญหาผิวของตนเอง,เลือกใช้ให้ตรงตามสภาพผิวและปัญหาผิวของตนเอง,ไม่ใช้,,,,,,,,,,,,,,,,
หญิง,18-22 ปี,นักศึกษา,"ต่ำกว่า 10,000 บาท",ปทุมธานี,ผิวผสม,ผิวหมองคล้ำ,"นานๆทีเป็นสิว เช่น มีสิวเฉพาะช่วงมีประจำเดือน, พักผ่อนน้อย","เลือกด้วยตนเอง, ปรึกษาหมอผิวหนัง","เลือกใช้ให้ตรงตามสภาพผิวและปัญหาผิวของตนเอง, เลือกใช้สูตรที่เคลมว่าอ่อนโยน ผิวแพ้ง่ายใช้ได้","เลือกใช้ให้ตรงตามสภาพผิวและปัญหาผิวของตนเอง, เลือกใช้สูตรที่เคลมว่าอ่อนโยน ผิวแพ้ง่ายใช้ได้",ใช้,"Cleansing water, Cleansing sheet (ทิชชู่แผ่นเช็ดเครื่องสำอาง), Cleansing oil",Cleansing sheet (ทิชชู่แผ่นเช็ดเครื่องสำอาง),สูตรสำหรับผิวธรรมดา (ไม่มีปัญหาผิว),5.0,4.0,5.0,3.0,5.0,5.0,5.0,3.0,5.0,3.0,"เห็นคนใช้จริงรีวิว (Online review, Real users), ผู้เชี่ยวชาญ/หมอผิวหนังแนะนำ (Skin expert/dermatologist), ไม่เคยเปลี่ยนแบรนด์เลย (No switching)","Klinor Lab, Luxeva",Luxeva
หญิง,18-22 ปี,นักศึกษา,"ต่ำกว่า 10,000 บาท",กทม.,ไม่แน่ใจ/ไม่ทราบ,"สิวอักเสบ, สิวอุดตัน, สิวผด, ผิวแห้ง/ลอก/เป็นขุย, ผิวมันเยิ้ม, ผิวหมองคล้ำ",สิวเล็กน้อย (ส่วนใหญ่เป็นสิวอุดตัน เป็นสิวอักเสบ/หัวหนองไม่เกิน 10เม็ด),"เลือกด้วยตนเอง, เลือกตามเพื่อน, เลือกตามบิวตี้บลอกเกอร์/ผู้ใช้จริงรีวิว ที่มีสภาพผิวคล้ายๆตัวเอง","เลือกใช้ให้ตรงตามสภาพผิวและปัญหาผิวของตนเอง, เลือกใช้สูตรที่เคลมว่าอ่อนโยน ผิวแพ้ง่ายใช้ได้","เลือกใช้สูตรที่เคลมว่าอ่อนโยน ผิวแพ้ง่ายใช้ได้, เลือกใช้สูตรที่ขายดี/สูตรดัง ของแบรนด์นั้นๆ",ใช้,"Cleansing water, Cleansing oil",Cleansing water,สูตรลดสิว,5.0,5.0,5.0,5.0,5.0,5.0,5.0,4.0,5.0,5.0,"เลือกเพราะโปรโมชั่น (Promotion), เพื่อนแนะนำ (Friend recommended), เห็นคนใช้จริงรีวิว (Online review, Real users), ผู้เชี่ยวชาญ/หมอผิวหนังแนะนำ (Skin expert/dermatologist), ยี่ห้อเดิมที่ใช้อยู่หมด/หาซื้อไม่ได้ (Current brand is out of stock)","Florelle, VUL",Florelle
ชาย,35 ปี ขึ้นไป,พนักงานบริษัทเอกชน,"40,000 บาท ขึ้นไป",นครปฐม กทม,ไม่แน่ใจ/ไม่ทราบ,ไม่มีปัญหาผิว,ไม่มีสิวเลย,เลือกตามเพื่อน,เลือกใช้สูตรที่เคลมว่าอ่อนโยน ผิวแพ้ง่ายใช้ได้,เลือกใช้สูตรที่เคลมว่าอ่อนโยน ผิวแพ้ง่ายใช้ได้,ไม่ใช้,,,,,,,,,,,,,,,,
หญิง,18-22 ปี,นักศึกษา,"10,001 - 14,999 บาท",กทม,ไม่แน่ใจ/ไม่ทราบ,"สิวอักเสบ, สิวอุดตัน, สิวผด, ผิวมันเยิ้ม, ผิวหมองคล้ำ","นานๆทีเป็นสิว เช่น มีสิวเฉพาะช่วงมีประจำเดือน, พักผ่อนน้อย",เลือกด้วยตนเอง,"เลือกใช้สูตรที่เคลมว่าไม่ก่อให้เกิดสิว/ลดสิว, เลือกใช้สูตรที่เคลมว่าอ่อนโยน ผิวแพ้ง่ายใช้ได้","เลือกใช้สูตรที่เคลมว่าไม่ก่อให้เกิดสิว/ลดสิว, เลือกใช้สูตรที่เคลมว่าอ่อนโยน ผิวแพ้ง่ายใช้ได้",ใช้,Cleansing oil,Cleansing oil,"สูตรชุ่มชื้น (สำหรับผิวแห้ง), สูตรสำหรับผิวธรรมดา (ไม่มีปัญหาผิว)",5.0,5.0,5.0,4.0,5.0,5.0,5.0,5.0,4.0,4.0,"ราคาถูกกว่า (Cheaper price), เลือกเพราะโปรโมชั่น (Promotion), เพื่อนแนะนำ (Friend recommended), ผู้เชี่ยวชาญ/หมอผิวหนังแนะนำ (Skin expert/dermatologist), มีไซส์เล็ก/ไซส์ทดลอง/ไซส์พกพา (Mini size)","Veloura, Silk Elexir",Veloura
หญิง,18-22 ปี,นักศึกษา,"15,000 - 19,999 บาท",ปทุมธานี,ผิวผสม,"สิวอักเสบ, สิวอุดตัน, สิวผด, ผิวแพ้ง่าย, รูขุมขนกว้าง, ผิวแห้ง/ลอก/เป็นขุย, ผิวมันเยิ้ม, ผิวหมองคล้ำ",สิวปานกลาง (เป็นสิวอักเสบ/หัวหนองมากกว่า10เม็ด),"เลือกด้วยตนเอง, เลือกตามเพื่อน",เลือกใช้ให้ตรงตามสภาพผิวและปัญหาผิวของตนเอง,เลือกใช้สูตรที่เคลมว่าไม่ก่อให้เกิดสิว/ลดสิว,ไม่ใช้,,,,,,,,,,,,,,,,
หญิง,23-28 ปี,ลูกจ้าง,"15,000 - 19,999 บาท",สมุทรสาคร,ผิวผสม,"สิวอักเสบ, สิวอุดตัน, สิวผด, ผิวแพ้ง่าย, รูขุมขนกว้าง, ผิวแห้ง/ลอก/เป็นขุย, ผิวมันเยิ้ม",สิวปานกลาง (เป็นสิวอักเสบ/หัวหนองมากกว่า10เม็ด),ปรึกษาหมอผิวหนัง,"เลือกใช้สูตรที่เคลมว่าไม่ก่อให้เกิดสิว/ลดสิว, เลือกใช้สูตรที่เคลมว่าอ่อนโยน ผิวแพ้ง่ายใช้ได้",เลือกใช้สูตรที่เคลมว่าไม่ก่อให้เกิดสิว/ลดสิว,ใช้,"Cleansing water, Cleansing oil",Cleansing water,"สูตรลดสิว, สูตรผิวแพ้ง่าย",5.0,5.0,5.0,5.0,5.0,5.0,5.0,5.0,5.0,5.0,"ราคาถูกกว่า (Cheaper price), เลือกเพราะโปรโมชั่น (Promotion), ยี่ห้อเดิมที่ใช้อยู่หมด/หาซื้อไม่ได้ (Current brand is out of stock)","Veloura, Florelle, Kiyora, Kireiha",Kiyora
ชาย,35 ปี ขึ้นไป,ธุรกิจส่วนตัว,"40,000 บาท ขึ้นไป",กทม.,ผิวธรรมดา,ผิวมันเยิ้ม,ไม่มีสิวเลย,เลือกด้วยตนเอง,เลือกใช้สูตรที่เคลมว่าอ่อนโยน ผิวแพ้ง่ายใช้ได้,เลือกใช้ให้ตรงตามสภาพผิวและปัญหาผิวของตนเอง,ไม่ใช้,,,,,,,,,,,,,,,,
หญิง,23-28 ปี,พนักงานบริษัทเอกชน,"15,000 - 19,999 บาท",นครปฐม,ไม่แน่ใจ/ไม่ทราบ,"สิวผด, ผิวแพ้ง่าย, ผิวแห้ง/ลอก/เป็นขุย","นานๆทีเป็นสิว เช่น มีสิวเฉพาะช่วงมีประจำเดือน, พักผ่อนน้อย","เลือกด้วยตนเอง, เลือกตามเพื่อน, เลือกตามบิวตี้บลอกเกอร์/ผู้ใช้จริงรีวิว ที่มีสภาพผิวคล้ายๆตัวเอง","เลือกใช้ให้ตรงตามสภาพผิวและปัญหาผิวของตนเอง, เลือกใช้สูตรที่เคลมว่าอ่อนโยน ผิวแพ้ง่ายใช้ได้","เลือกใช้ให้ตรงตามสภาพผิวและปัญหาผิวของตนเอง, เลือกใช้สูตรที่เคลมว่าอ่อนโยน ผิวแพ้ง่ายใช้ได้",ใช้,Cleansing water,Cleansing water,"สูตรลดสิว-ผิวแพ้ง่าย, สูตรผิวแพ้ง่าย, สูตรเพื่อผิวกระจ่างใส",5.0,3.0,5.0,4.0,4.0,4.0,5.0,5.0,5.0,5.0,"ราคาถูกกว่า (Cheaper price), เลือกเพราะโปรโมชั่น (Promotion), เห็นจากโฆษณา (Ads), เพื่อนแนะนำ (Friend recommended), มีไซส์เล็ก/ไซส์ทดลอง/ไซส์พกพา (Mini size)","Florelle, Kireiha",Florelle
หญิง,18-22 ปี,นักศึกษา,"10,001 - 14,999 บาท",นนทบุรี,ผิวธรรมดา,"สิวอักเสบ, สิวอุดตัน, สิวผด, ผิวแพ้ง่าย",สิวเล็กน้อย (ส่วนใหญ่เป็นสิวอุดตัน เป็นสิวอักเสบ/หัวหนองไม่เกิน 10เม็ด),"เลือกด้วยตนเอง, เลือกตามเพื่อน, เลือกตามบิวตี้บลอกเกอร์/ผู้ใช้จริงรีวิว ที่มีสภาพผิวคล้ายๆตัวเอง, เลือกตามดารา/พรีเซนเตอร์","เลือกใช้ให้ตรงตามสภาพผิวและปัญหาผิวของตนเอง, เลือกใช้สูตรที่เคลมว่าอ่อนโยน ผิวแพ้ง่ายใช้ได้","เลือกใช้ให้ตรงตามสภาพผิวและปัญหาผิวของตนเอง, เลือกใช้สูตรที่เคลมว่าอ่อนโยน ผิวแพ้ง่ายใช้ได้",ใช้,Cleansing water,Cleansing water,สูตรผิวแพ้ง่าย,5.0,5.0,5.0,5.0,5.0,5.0,5.0,5.0,5.0,5.0,"ราคาถูกกว่า (Cheaper price), เลือกเพราะโปรโมชั่น (Promotion), มีไซส์เล็ก/ไซส์ทดลอง/ไซส์พกพา (Mini size), ไม่เคยเปลี่ยนแบรนด์เลย (No switching)",Florelle,Florelle
หญิง,18-22 ปี,นักศึกษา,"ต่ำกว่า 10,000 บาท",กทม.,ผิวผสม,"สิวอุดตัน, สิวผด, รูขุมขนกว้าง, ผิวแห้ง/ลอก/เป็นขุย, ผิวมันเยิ้ม","นานๆทีเป็นสิว เช่น มีสิวเฉพาะช่วงมีประจำเดือน, พักผ่อนน้อย","เลือกด้วยตนเอง, เลือกตามบิวตี้บลอกเกอร์/ผู้ใช้จริงรีวิว ที่มีสภาพผิวคล้ายๆตัวเอง","เลือกใช้ให้ตรงตามสภาพผิวและปัญหาผิวของตนเอง, เลือกใช้สูตรที่เคลมว่าอ่อนโยน ผิวแพ้ง่ายใช้ได้","เลือกใช้ให้ตรงตามสภาพผิวและปัญหาผิวของตนเอง, เลือกใช้สูตรที่ขายดี/สูตรดัง ของแบรนด์นั้นๆ",ใช้,"Cleansing water, Cleansing balm",Cleansing water,สูตรผิวแพ้ง่าย,5.0,4.0,5.0,5.0,5.0,5.0,5.0,4.0,5.0,5.0,"เห็นคนใช้จริงรีวิว (Online review, Real users), บิวตี้บลอกเกอร์แนะนำ (Beauty bloggers), สินค้าออกใหม่/สูตรใหม่ (New product/New formula)","Kiyora, Needly",Needly
หญิง,18-22 ปี,นักศึกษา,"ต่ำกว่า 10,000 บาท",กรุงเทพ,ผิวธรรมดา,"สิวผด, รูขุมขนกว้าง, ผิวแห้ง/ลอก/เป็นขุย","นานๆทีเป็นสิว เช่น มีสิวเฉพาะช่วงมีประจำเดือน, พักผ่อนน้อย",เลือกด้วยตนเอง,"เลือกใช้ให้ตรงตามสภาพผิวและปัญหาผิวของตนเอง, เลือกใช้สูตรที่ขายดี/สูตรดัง ของแบรนด์นั้นๆ","เลือกใช้ให้ตรงตามสภาพผิวและปัญหาผิวของตนเอง, เลือกใช้สูตรที่ขายดี/สูตรดัง ของแบรนด์นั้นๆ",ใช้,"Cleansing water, Cleansing oil",Cleansing water,สูตรสำหรับผิวธรรมดา (ไม่มีปัญหาผิว),3.0,2.0,4.0,5.0,5.0,5.0,4.0,4.0,5.0,5.0,"เลือกเพราะโปรโมชั่น (Promotion), เพื่อนแนะนำ (Friend recommended), ผู้เชี่ยวชาญ/หมอผิวหนังแนะนำ (Skin expert/dermatologist)","Florelle, Oréline, Silk Elexir",Kireiha
หญิง,18-22 ปี,นักศึกษา,"10,001 - 14,999 บาท",กทม.,ผิวมัน,"สิวอักเสบ, สิวอุดตัน, ผิวมันเยิ้ม","นานๆทีเป็นสิว เช่น มีสิวเฉพาะช่วงมีประจำเดือน, พักผ่อนน้อย",เลือกด้วยตนเอง,เลือกใช้ให้ตรงตามสภาพผิวและปัญหาผิวของตนเอง,เลือกใช้สูตรที่เคลมว่าอ่อนโยน ผิวแพ้ง่ายใช้ได้,ใช้,"Cleansing water, Cleansing sheet (ทิชชู่แผ่นเช็ดเครื่องสำอาง)",Cleansing water,สูตรลดสิว-ผิวแพ้ง่าย,5.0,5.0,5.0,4.0,4.0,4.0,4.0,4.0,5.0,4.0,"เลือกเพราะโปรโมชั่น (Promotion), เพื่อนแนะนำ (Friend recommended)","Veloura, Florelle",Veloura
ชาย,35 ปี ขึ้นไป,ธุรกิจส่วนตัว,"35,000 - 39,999 บาท",นครปฐม,ผิวผสม,ผิวแพ้ง่าย,สิวเล็กน้อย (ส่วนใหญ่เป็นสิวอุดตัน เป็นสิวอักเสบ/หัวหนองไม่เกิน 10เม็ด),ปรึกษาหมอผิวหนัง,เลือกใช้สูตรที่เคลมว่าอ่อนโยน ผิวแพ้ง่ายใช้ได้,เลือกใช้สูตรที่เคลมว่าอ่อนโยน ผิวแพ้ง่ายใช้ได้,ไม่ใช้,,,,,,,,,,,,,,,,
ชาย,35 ปี ขึ้นไป,รับจ้าง,"10,001 - 14,999 บาท",เชียงใหม่,ผิวแห้ง,"ผิวแพ้ง่าย, ผิวแห้ง/ลอก/เป็นขุย",สิวเล็กน้อย (ส่วนใหญ่เป็นสิวอุดตัน เป็นสิวอักเสบ/หัวหนองไม่เกิน 10เม็ด),เลือกตามเพื่อน,เลือกใช้สูตรที่เคลมว่าอ่อนโยน ผิวแพ้ง่ายใช้ได้,เลือกใช้สูตรที่เคลมว่าอ่อนโยน ผิวแพ้ง่ายใช้ได้,ไม่ใช้,,,,,,,,,,,,,,,,
หญิง,35 ปี ขึ้นไป,พนักงานของรัฐ,"10,001 - 14,999 บาท",เชียงใหม่,ผิวแห้ง,"ผิวแพ้ง่าย, รูขุมขนกว้าง",ไม่มีสิวเลย,"เลือกตามเพื่อน, ปรึกษาหมอผิวหนัง",เลือกใช้ให้ตรงตามสภาพผิวและปัญหาผิวของตนเอง,เลือกใช้ให้ตรงตามสภาพผิวและปัญหาผิวของตนเอง,ไม่ใช้,,,,,,,,,,,,,,,,
หญิง,18-22 ปี,นักศึกษา,"ต่ำกว่า 10,000 บาท",กรุงเทพ,ผิวแห้ง,"สิวอักเสบ, สิวอุดตัน, สิวผด, ผิวแพ้ง่าย",สิวเล็กน้อย (ส่วนใหญ่เป็นสิวอุดตัน เป็นสิวอักเสบ/หัวหนองไม่เกิน 10เม็ด),"เลือกด้วยตนเอง, เลือกตามบิวตี้บลอกเกอร์/ผู้ใช้จริงรีวิว ที่มีสภาพผิวคล้ายๆตัวเอง","เลือกใช้ให้ตรงตามสภาพผิวและปัญหาผิวของตนเอง, เลือกใช้สูตรที่เคลมว่าอ่อนโยน ผิวแพ้ง่ายใช้ได้, เลือกใช้สูตรที่ขายดี/สูตรดัง ของแบรนด์นั้นๆ","เลือกใช้ให้ตรงตามสภาพผิวและปัญหาผิวของตนเอง, เลือกใช้สูตรที่เคลมว่าอ่อนโยน ผิวแพ้ง่ายใช้ได้, เลือกใช้สูตรที่ขายดี/สูตรดัง ของแบรนด์นั้นๆ",ใช้,"Cleansing water, Cleansing oil",Cleansing water,"สูตรผิวแพ้ง่าย, สูตรชุ่มชื้น (สำหรับผิวแห้ง)",5.0,4.0,5.0,4.0,5.0,5.0,5.0,4.0,5.0,3.0,"ราคาถูกกว่า (Cheaper price), บิวตี้บลอกเกอร์แนะนำ (Beauty bloggers)","hikari, soowasulh",hikari
หญิง,18-22 ปี,นักศึกษา,"ต่ำกว่า 10,000 บาท",ชลบุรี,ผิวผสม,"รูขุมขนกว้าง, ผิวมันเยิ้ม, ผิวหมองคล้ำ","นานๆทีเป็นสิว เช่น มีสิวเฉพาะช่วงมีประจำเดือน, พักผ่อนน้อย",เลือกด้วยตนเอง,"เลือกใช้ให้ตรงตามสภาพผิวและปัญหาผิวของตนเอง, เลือกใช้สูตรที่เคลมว่าไม่ก่อให้เกิดสิว/ลดสิว, เลือกใช้สูตรที่เคลมว่าอ่อนโยน ผิวแพ้ง่ายใช้ได้, เลือกใช้สูตรที่ขายดี/สูตรดัง ของแบรนด์นั้นๆ",เลือกใช้ให้ตรงตามสภาพผิวและปัญหาผิวของตนเอง,ไม่ใช้,,,,,,,,,,,,,,,,
หญิง,35 ปี ขึ้นไป,ข้าราชการ,"30,000 - 34,999 บาท",นครปฐม,ผิวมัน,"สิวอักเสบ, สิวอุดตัน, ผิวแพ้ง่าย, รูขุมขนกว้าง, ผิวมันเยิ้ม",สิวเล็กน้อย (ส่วนใหญ่เป็นสิวอุดตัน เป็นสิวอักเสบ/หัวหนองไม่เกิน 10เม็ด),"เลือกด้วยตนเอง, เลือกตามเพื่อน","เลือกใช้สูตรที่เคลมว่าไม่ก่อให้เกิดสิว/ลดสิว, เลือกใช้สูตรที่เคลมว่าอ่อนโยน ผิวแพ้ง่ายใช้ได้","เลือกใช้ให้ตรงตามสภาพผิวและปัญหาผิวของตนเอง, เลือกใช้สูตรที่เคลมว่าไม่ก่อให้เกิดสิว/ลดสิว, เลือกใช้สูตรที่เคลมว่าอ่อนโยน ผิวแพ้ง่ายใช้ได้",ใช้,Cleansing water,Cleansing water,สูตรลดสิว-ผิวแพ้ง่าย,5.0,5.0,5.0,5.0,5.0,5.0,5.0,5.0,5.0,5.0,เลือกเพราะโปรโมชั่น (Promotion),"Veloura, Kiyora, Aomizu",Kiyora
หญิง,18-22 ปี,นักศึกษา,"ต่ำกว่า 10,000 บาท",ปทุมธานี,ผิวผสม,"สิวอุดตัน, รูขุมขนกว้าง, ผิวมันเยิ้ม","นานๆทีเป็นสิว เช่น มีสิวเฉพาะช่วงมีประจำเดือน, พักผ่อนน้อย",เลือกด้วยตนเอง,เลือกใช้ให้ตรงตามสภาพผิวและปัญหาผิวของตนเอง,"เลือกใช้ให้ตรงตามสภาพผิวและปัญหาผิวของตนเอง, เลือกใช้สูตรที่ขายดี/สูตรดัง ของแบรนด์นั้นๆ",ใช้,"Cleansing water, Cleansing oil",Cleansing water,สูตรคุมมัน (สำหรับผิวมัน),4.0,5.0,4.0,4.0,4.0,5.0,4.0,5.0,5.0,5.0,"ราคาถูกกว่า (Cheaper price), เพื่อนแนะนำ (Friend recommended), เห็นคนใช้จริงรีวิว (Online review, Real users)","Florelle, Bellevia, Dermavie",Dermavie
หญิง,18-22 ปี,นักศึกษา,"ต่ำกว่า 10,000 บาท",กทม,ผิวมัน,"สิวอักเสบ, สิวอุดตัน, สิวผด, รูขุมขนกว้าง",สิวเล็กน้อย (ส่วนใหญ่เป็นสิวอุดตัน เป็นสิวอักเสบ/หัวหนองไม่เกิน 10เม็ด),"เลือกด้วยตนเอง, เลือกตามบิวตี้บลอกเกอร์/ผู้ใช้จริงรีวิว ที่มีสภาพผิวคล้ายๆตัวเอง","เลือกใช้ให้ตรงตามสภาพผิวและปัญหาผิวของตนเอง, เลือกใช้สูตรที่เคลมว่าไม่ก่อให้เกิดสิว/ลดสิว",เลือกใช้สูตรที่เคลมว่าไม่ก่อให้เกิดสิว/ลดสิว,ใช้,"Cleansing water, Cleansing sheet (ทิชชู่แผ่นเช็ดเครื่องสำอาง), Cleansing balm",Cleansing water,"สูตรลดสิว-ผิวแพ้ง่าย, สูตรคุมมัน (สำหรับผิวมัน)",5.0,5.0,5.0,5.0,5.0,5.0,5.0,5.0,1.0,5.0,"ราคาถูกกว่า (Cheaper price), เลือกเพราะโปรโมชั่น (Promotion), เห็นคนใช้จริงรีวิว (Online review, Real users)","Kiyora, Kireiha, DermaCerin",Clinique
ชาย,35 ปี ขึ้นไป,พนักงานรัฐวิสาหกิจ,"30,000 - 34,999 บาท",นครปฐม,ไม่แน่ใจ/ไม่ทราบ,"รูขุมขนกว้าง, ผิวหมองคล้ำ",สิวเล็กน้อย (ส่วนใหญ่เป็นสิวอุดตัน เป็นสิวอักเสบ/หัวหนองไม่เกิน 10เม็ด),"เลือกด้วยตนเอง, เลือกตามเพื่อน",เลือกใช้ให้ตรงตามสภาพผิวและปัญหาผิวของตนเอง,เลือกใช้ให้ตรงตามสภาพผิวและปัญหาผิวของตนเอง,ไม่ใช้,,,,,,,,,,,,,,,,
หญิง,35 ปี ขึ้นไป,ข้าราชการ,"40,000 บาท ขึ้นไป",นครปฐม,ผิวผสม,"รูขุมขนกว้าง, ผิวมันเยิ้ม",สิวปานกลาง (เป็นสิวอักเสบ/หัวหนองมากกว่า10เม็ด),"เลือกด้วยตนเอง, เลือกตามดารา/พรีเซนเตอร์",เลือกใช้ให้ตรงตามสภาพผิวและปัญหาผิวของตนเอง,เลือกใช้ให้ตรงตามสภาพผิวและปัญหาผิวของตนเอง,ใช้,"Cleansing water, Cleansing sheet (ทิชชู่แผ่นเช็ดเครื่องสำอาง), Cleansing oil",Cleansing sheet (ทิชชู่แผ่นเช็ดเครื่องสำอาง),สูตรคุมมัน (สำหรับผิวมัน),5.0,5.0,5.0,5.0,5.0,5.0,5.0,5.0,5.0,5.0,"เลือกเพราะโปรโมชั่น (Promotion), เห็นจากโฆษณา (Ads), เห็นคนใช้จริงรีวิว (Online review, Real users)","Kiyora, Aomizu, Kireiha, Dermavie",Dermavie
หญิง,35 ปี ขึ้นไป,พนักงานบริษัทเอกชน,"40,000 บาท ขึ้นไป",นครปฐม,ผิวธรรมดา,รูขุมขนกว้าง,ไม่มีสิวเลย,"เลือกด้วยตนเอง, ปรึกษาหมอผิวหนัง",เลือกใช้ให้ตรงตามสภาพผิวและปัญหาผิวของตนเอง,เลือกใช้ให้ตรงตามสภาพผิวและปัญหาผิวของตนเอง,ไม่ใช้,,,,,,,,,,,,,,,,
หญิง,29-34 ปี,พนักงานรัฐวิสาหกิจ,"40,000 บาท ขึ้นไป",กทม,ผิวแห้ง,ไม่มีปัญหาผิว,ไม่มีสิวเลย,เลือกตามเพื่อน,เลือกใช้สูตรที่ขายดี/สูตรดัง ของแบรนด์นั้นๆ,เลือกใช้สูตรที่ขายดี/สูตรดัง ของแบรนด์นั้นๆ,ไม่ใช้,,,,,,,,,,,,,,,,
หญิง,29-34 ปี,ธุรกิจส่วนตัว,"40,000 บาท ขึ้นไป",ฉะเชิงเทรา,ผิวแห้ง,"สิวผด, ผิวแห้ง/ลอก/เป็นขุย","นานๆทีเป็นสิว เช่น มีสิวเฉพาะช่วงมีประจำเดือน, พักผ่อนน้อย",เลือกด้วยตนเอง,เลือกใช้ให้ตรงตามสภาพผิวและปัญหาผิวของตนเอง,เลือกใช้ให้ตรงตามสภาพผิวและปัญหาผิวของตนเอง,ไม่ใช้,,,,,,,,,,,,,,,,
